id,text,language,intent,product,quantity,city,budget,urgency,priority_score,priority_label,split,template_id,source
LL01196,"माझी ट्रॅव्हल कंपनी मुंबई मध्ये आहे, 50 बस मध्ये म्युझिक सिस्टीम बसवायचे आहे. किती सूट मिळेल? आजच बोलायचे आहे.",mr,bulk_order,म्युझिक सिस्टीम,50 बस,मुंबई,,1,90,High,train,mr-bulk_order-1,synthetic_template
LL00781,"नमस्ते, मुझे रूफ टॉप AC की कीमत जाननी है, बजट लगभग ₹2 लाख है।",hi,price_query,रूफ टॉप AC,,,₹2 लाख,0,45,Medium,val,hi-price_query-4,synthetic_template
LL00734,"नमस्ते, ठाणे में LED लाइट लगवाने का खर्च कितना आएगा?",hi,price_query,LED लाइट,,ठाणे,,0,40,Medium,train,hi-price_query-1,synthetic_template
LL00156,"Need bus AC for 120 seats, total budget 50 lakh. Please call me",en,bulk_order,bus AC,120 seats,,50 lakh,0,80,High,train,en-bulk_order-5,synthetic_template
LL00429,bus seats ki price list bhejo,hinglish,price_query,bus seats,,,,0,35,Low,train,hinglish-price_query-6,synthetic_template
LL00604,bhai sangli me meri bus ki delivery 10 din late hui aur koi phhone nahi utha raha call karna,hinglish,complaint,,,sangli,,0,25,Low,train,hinglish-complaint-4,synthetic_template
LL01513,"namaskar, tumhi ratnagiri madhe ceiling panel che kaam karta ka? dar sanga",mr_roman,price_query,ceiling panel,,ratnagiri,,0,40,Medium,train,mr_roman-price_query-5,synthetic_template
LL00878,"हेलो सर, इंदौर डिलीवरी के लिए 50 सीट में सीलिंग पैनल चाहिए, 3 हफ्ते में। धन्यवाद।",hi,bulk_order,सीलिंग पैनल,50 सीट,इंदौर,,0,75,High,train,hi-bulk_order-4,synthetic_template
LL00805,रूफ टॉप AC का प्राइस लिस्ट भेज दीजिए,hi,price_query,रूफ टॉप AC,,,,0,35,Low,test,hi-price_query-6,synthetic_template
LL00057,price list for led lights please required by next week. thanks,en,price_query,led lights,,,,1,50,Medium,train,en-price_query-5,synthetic_template
LL01114,"हॅलो सर, कृपया म्युझिक सिस्टीम चे कोटेशन पाठवा. बजेट 30000 रुपये आहे.",mr,price_query,म्युझिक सिस्टीम,,,30000 रुपये,0,45,Medium,test,mr-price_query-2,synthetic_template
LL00925,"मैंने पुशबैक सीट के पैसे दे दिए, लेकिन काम अभी तक अधूरा है।",hi,complaint,पुशबैक सीट,,,,0,25,Low,val,hi-complaint-1,synthetic_template
LL01085,CCTV कॅमेरा चा रेट काय आहे? धन्यवाद.,mr,price_query,CCTV कॅमेरा,,,,0,35,Low,train,mr-price_query-0,synthetic_template
LL00385,pease cctv camera ka quotation bhej do. buget rs 3 lakh hai jaldi reply karo,hinglish,price_query,cctv camera,,,rs 3 lakh,1,60,Medium,train,hinglish-price_query-2,synthetic_template
LL01142,"मला बॉडी पेंट ची किंमत जाणून घ्यायची आहे, बजेट साधारण 30000 रुपये. धन्यवाद",mr,price_query,बॉडी पेंट,,,30000 रुपये,0,45,Medium,train,mr-price_query-4,synthetic_template
LL01210,"20 बस चा बल्क ऑर्डर द्यायचा आहे, लगेज रॅक हवे. बजेट 1 कोटी. पुढच्या आठवड्यापर्यंत हवे.",mr,bulk_order,लगेज रॅक,20 बस,,1 कोटी,1,95,High,train,mr-bulk_order-2,synthetic_template
LL00111,I run a travel compaany in Thane and need full body paint for 40 sets. What disccount can you offer? Thanks.,en,bulk_order,full body paint,40 sets,Thane,,0,75,High,train,en-bulk_order-1,synthetic_template
LL01694,"hello sir, kolhapur madhe majhya bus chi delivery 10 divas ushira zali ani koni phone uchalat nahi lavkar have aahe call kara",mr_roman,complaint,,,kolhapur,,1,40,Medium,train,mr_roman-complaint-4,synthetic_template
LL00354,"grow your travel business with guaranteed leads. limited offer, contact us today",en,spam,,,,,0,0,Ignore,train,en-spam-10,synthetic_template
LL00322,"Dear sir, we are a suppllier of cheap LED lights from China. Reply for a catalogue.",en,spam,,,,,0,0,Ignore,val,en-spam-6,synthetic_template
LL01350,"वॉरंटीमध्ये LED लाईट बदलून हवे आहे, एका महिन्यात तुटले.",mr,complaint,LED लाईट,,,,0,25,Low,val,mr-complaint-5,synthetic_template
LL00518,"vasai delivery ke liye 50 pieces me sleeper berth chahiye, 3 weeks me aaj hi baat karni hai call karna",hinglish,bulk_order,sleeper berth,50 pieces,vasai,,1,90,High,train,hinglish-bulk_order-4,synthetic_template
LL00701,"bus bsuiness ke liye 10 lakh tak loan pao, koi documents nahi. abhi cllick karo",hinglish,spam,,,,,0,0,Ignore,train,hinglish-spam-7,synthetic_template
LL00169,"hey, ordering pvc flooring for 120 units in nanded, please confirm the wholesale rate. thank you",en,bulk_order,pvc flooring,120 units,nanded,,0,75,High,train,en-bulk_order-6,synthetic_template
LL00977,"वारंटी में म्यूजिक सिस्टम बदलवाना है, एक महीने में टूट गया।",hi,complaint,म्यूजिक सिस्टम,,,,0,25,Low,train,hi-complaint-5,synthetic_template
LL01766,sarva sadyanvar ekavar ek free. aajach dukanat ya call kara,mr_roman,spam,,,,,0,0,Ignore,train,mr_roman-spam-6,synthetic_template
LL01685,panvel madhe majhya bus chi delivery 10 divas ushira zali ani koni phone uchalat nahi,mr_roman,complaint,,,panvel,,0,25,Low,train,mr_roman-complaint-4,synthetic_template
LL00487,"bhai bulk order dena hai 50 sets ka, seat cover chahiye. budget 8 lakh",hinglish,bulk_order,seat cover,50 sets,,8 lakh,0,80,High,train,hinglish-bulk_order-2,synthetic_template
LL00441,sir vinyl branding kitne ka padega 1 bus me,hinglish,price_query,vinyl branding,1 bus,,,0,50,Medium,test,hinglish-price_query-7,synthetic_template
LL01060,"अपने बस बिज़नेस के लिए 3 लाख तक का लोन पाएं, कोई डॉक्यूमेंट नहीं। अभी क्लिक करें",hi,spam,,,,,0,0,Ignore,test,hi-spam-7,synthetic_template
LL01381,"हॅलो सर, घरबसल्या रोज 5000 कमवा. WhatsApp करा.",mr,spam,,,,,0,0,Ignore,train,mr-spam-3,synthetic_template
LL00710,"apne tavel business ke liye guaranteed leads pao. limited offer, aaj hi contact karo",hinglish,spam,,,,,0,0,Ignore,train,hinglish-spam-8,synthetic_template
LL00419,kya aap Navi Mumbai me ceiling panel ka kaam karte ho? rate batao call karna,hinglish,price_query,ceiling panel,,Navi Mumbai,,0,40,Medium,train,hinglish-price_query-5,synthetic_template
LL00242,Your team delayed my bus delivery in Ahmedabad by 10 days and nobody is answering my calls.,en,complaint,,,Ahmedabad,,0,25,Low,test,en-complaint-4,synthetic_template
LL00295,"Boost your Instagram followers by 1k. Cheap rates, DM now. Please call me.",en,spam,,,,,0,0,Ignore,train,en-spam-2,synthetic_template
LL01070,"हेलो सर, अपने ट्रैवल बिज़नेस के लिए गारंटीड लीड्स पाएं। सीमित ऑफर, आज ही संपर्क करें। कृपया कॉल करें।",hi,spam,,,,,0,0,Ignore,val,hi-spam-8,synthetic_template
LL01601,"Bhopal madhe delivery sathi 15 bus madhe CCTV camera have, 3 athavdyat dhanyavad",mr_roman,bulk_order,CCTV camera,15 bus,Bhopal,,0,75,High,test,mr_roman-bulk_order-4,synthetic_template
LL01517,"hello sir, tumhi Solapur madhe body paint che kaam karta ka? dar sanga",mr_roman,price_query,body paint,,Solapur,,0,40,Medium,train,mr_roman-price_query-5,synthetic_template
LL01248,"10 बसेस साठी पडदे चा घाऊक दर सांगा, एकूण बजेट ₹10 लाख आहे.",mr,bulk_order,पडदे,10 बसेस,,₹10 लाख,0,80,High,val,mr-bulk_order-5,synthetic_template
LL01474,please roof top AC che quotation pathva. budget 1.5 lakh rupaye aahe,mr_roman,price_query,roof top AC,,,1.5 lakh rupaye,0,45,Medium,train,mr_roman-price_query-2,synthetic_template
LL00024,how much would exterior paint cost for 1 bus in goa? thanks,en,price_query,exterior paint,1 bus,goa,,0,55,Medium,train,en-price_query-2,synthetic_template
LL01262,तुम्ही बसवलेले सीट कव्हर खराब झाले आहे. हे योग्य नाही. खूप अर्जंट आहे,mr,complaint,सीट कव्हर,,,,1,40,Medium,train,mr-complaint-0,synthetic_template
LL00869,"हमारे पास 40 बस हैं, सभी में म्यूजिक सिस्टम लगवाना है। कृपया कॉल करें। धन्यवाद।",hi,bulk_order,म्यूजिक सिस्टम,40 बस,,,0,70,High,test,hi-bulk_order-3,synthetic_template
LL01235,"सुरत मध्ये डिलिव्हरीसाठी 20 बसेस मध्ये बस रॅप हवे, 3 आठवड्यात. खूप अर्जंट आहे",mr,bulk_order,बस रॅप,20 बसेस,सुरत,,1,90,High,train,mr-bulk_order-4,synthetic_template
LL01503,"dada, mala roof top ac chi kimmat janun ghyaychi aahe, budget saadharan 40 hajar lavkar have aahe",mr_roman,price_query,roof top ac,,,40 hajar,1,60,Medium,train,mr_roman-price_query-4,synthetic_template
LL00464,hume 5 buses ke liye body paint chahiye. bulk me kya rate milega?,hinglish,bulk_order,body paint,5 buses,,,0,70,High,train,hinglish-bulk_order-0,synthetic_template
LL00187,The CCTV cameras you installed is already damaged. This is unacceptable,en,complaint,CCTV cameras,,,,0,25,Low,train,en-complaint-0,synthetic_template
LL01451,roof top ac cha rate kay aahe?,mr_roman,price_query,roof top ac,,,,0,35,Low,train,mr_roman-price_query-0,synthetic_template
LL00130,bulk order: 20 buses need interior led lighting. deelivery to nashik in 3 weeks. required by next week,en,bulk_order,interior led lighting,20 buses,nashik,,1,90,High,test,en-bulk_order-3,synthetic_template
LL00598,vinyl branding ek hafte me hi band ho gaya. mujhe refund chahiye agle hafte tak chahiye,hinglish,complaint,vinyl branding,,,,1,40,Medium,val,hinglish-complaint-3,synthetic_template
LL01323,"हॅलो सर, गोवा मध्ये माझ्या बसची डिलिव्हरी 10 दिवस उशिरा झाली आणि कोणी फोन उचलत नाही.",mr,complaint,,,गोवा,,0,25,Low,train,mr-complaint-4,synthetic_template
LL01272,तुम्ही बसवलेले सीट कव्हर खराब झाले आहे. हे योग्य नाही. धन्यवाद.,mr,complaint,सीट कव्हर,,,,0,25,Low,train,mr-complaint-0,synthetic_template
LL00739,"हेलो सर, रत्नागिरी में CCTV कैमरा लगवाने का खर्च कितना आएगा? बहुत ज़रूरी है।",hi,price_query,CCTV कैमरा,,रत्नागिरी,,1,55,Medium,train,hi-price_query-1,synthetic_template
LL01589,"amchyakade 300 sets aahet, sarvamadhe pushback seats basvaycha aahe. please call kara",mr_roman,bulk_order,pushback seats,300 sets,,,0,70,High,train,mr_roman-bulk_order-3,synthetic_template
LL00267,Warranty claim for music system. It broke after one month. Please reply asap.,en,complaint,music system,,,,1,40,Medium,train,en-complaint-6,synthetic_template
LL00877,"नांदेड़ डिलीवरी के लिए 15 बसों में बस रैप चाहिए, 3 हफ्ते में।",hi,bulk_order,बस रैप,15 बसों,नांदेड़,,0,75,High,train,hi-bulk_order-4,synthetic_template
LL00181,The exterior wrap you installed is already damaged. This is unacceptable.,en,complaint,exterior wrap,,,,0,25,Low,train,en-complaint-0,synthetic_template
LL01388,क्रिप्टोमध्ये गुंतवणूक करा आणि 7 दिवसांत पैसे दुप्पट करा.,mr,spam,,,,,0,0,Ignore,train,mr-spam-4,synthetic_template
LL01205,"10 बस चा बल्क ऑर्डर द्यायचा आहे, बस सीट हवे. बजेट ₹50 लाख.",mr,bulk_order,बस सीट,10 बस,,₹50 लाख,0,80,High,train,mr-bulk_order-2,synthetic_template
LL01259,"60 नग साठी पुशबॅक सीट चा घाऊक दर सांगा, एकूण बजेट 50 लाख आहे.",mr,bulk_order,पुशबॅक सीट,60 नग,,50 लाख,0,80,High,val,mr-bulk_order-5,synthetic_template
LL00555,jo sleeper berth aapne lagaya tha wo kharab ho gaya. ye theek nahi hai aaj hi baat karni hai,hinglish,complaint,sleeper berth,,,,1,40,Medium,train,hinglish-complaint-0,synthetic_template
LL01720,abhinandan! tumhi free iphone jinkla aahe. aatach caim kara thanks,mr_roman,spam,,,,,0,0,Ignore,val,mr_roman-spam-1,synthetic_template
LL01048,"हेलो सर, सारी साड़ियों पर एक के साथ एक फ्री। आज ही दुकान पर आएं।",hi,spam,,,,,0,0,Ignore,test,hi-spam-6,synthetic_template
LL00335,"Free crredit card offer, no annual fee. Apply now.",en,spam,,,,,0,0,Ignore,val,en-spam-7,synthetic_template
LL01029,क्रिप्टो में निवेश करें और 7 दिन में पैसा डबल करें।,hi,spam,,,,,0,0,Ignore,val,hi-spam-4,synthetic_template
LL01230,"आमच्याकडे 50 बसेस आहेत, सर्वांमध्ये सीलिंग पॅनल बसवायचे आहे. कृपया कॉल करा. आजच बोलायचे आहे.",mr,bulk_order,सीलिंग पॅनल,50 बसेस,,,1,85,High,test,mr-bulk_order-3,synthetic_template
LL00762,2 सीट के लिए सीट कवर की कीमत बताइए। बहुत ज़रूरी है। धन्यवाद।,hi,price_query,सीट कवर,2 सीट,,,1,65,Medium,train,hi-price_query-3,synthetic_template
LL00573,"hello sir pushback seats ki finishing bahut kharab hai, turant theek karo",hinglish,complaint,pushback seats,,,,0,25,Low,train,hinglish-complaint-2,synthetic_template
LL00945,"हेलो सर, पुशबैक सीट की फिनिशिंग बहुत खराब है, तुरंत ठीक करवाइए। आज ही बात करनी है।",hi,complaint,पुशबैक सीट,,,,1,40,Medium,test,hi-complaint-2,synthetic_template
LL01765,sarva sadyanvar ekkavar ek free. aajach dukanat ya,mr_roman,spam,,,,,0,0,Ignore,train,mr_roman-spam-6,synthetic_template
LL00973,बेंगलुरु में मेरी बस की डिलीवरी 10 दिन लेट हुई और कोई फोन नहीं उठा रहा।,hi,complaint,,,बेंगलुरु,,0,25,Low,train,hi-complaint-4,synthetic_template
LL01119,कृपया रूफ टॉप AC चे कोटेशन पाठवा. बजेट 1.5 लाख आहे. खूप अर्जंट आहे.,mr,price_query,रूफ टॉप AC,,,1.5 लाख,1,60,Medium,test,mr-price_query-2,synthetic_template
LL00644,congratulations! aapne free iPhone jeta hai. abhi claim karo,hinglish,spam,,,,,0,0,Ignore,train,hinglish-spam-1,synthetic_template
LL01065,"नमस्ते, अपने ट्रैवल बिज़नेस के लिए गारंटीड लीड्स पाएं। सीमित ऑफर, आज ही संपर्क करें।",hi,spam,,,,,0,0,Ignore,val,hi-spam-8,synthetic_template
LL00097,We want to order seat covers for 250 units. Please share bulk pricing.,en,bulk_order,seat covers,250 units,,,0,70,High,train,en-bulk_order-0,synthetic_template
LL01591,"vasai madhe delivery sathi 250 nag madhe ceiling panel have, 3 athavdyat",mr_roman,bulk_order,ceiling panel,250 nag,vasai,,0,75,High,test,mr_roman-bulk_order-4,synthetic_template
LL00784,"मुझे LED लाइट की कीमत जाननी है, बजट लगभग 50000 रुपये है।",hi,price_query,LED लाइट,,,50000 रुपये,0,45,Medium,val,hi-price_query-4,synthetic_template
LL00975,नाशिक में मेरी बस की डिलीवरी 10 दिन लेट हुई और कोई फोन नहीं उठा रहा। अगले हफ्ते तक चाहिए।,hi,complaint,,,नाशिक,,1,40,Medium,train,hi-complaint-4,synthetic_template
LL01095,वसई मध्ये बॉडी पेंट बसवायला किती खर्च येईल?,mr,price_query,बॉडी पेंट,,वसई,,0,40,Medium,train,mr-price_query-1,synthetic_template
LL01450,ceiling panel cha rate kay aahe? dhanyavad,mr_roman,price_query,ceiling panel,,,,0,35,Low,train,mr_roman-price_query-0,synthetic_template
LL01724,abhinandan! tumhi free iPhone jinkla aahe. aatach claim kara dhanyavad,mr_roman,spam,,,,,0,0,Ignore,val,mr_roman-spam-1,synthetic_template
LL00720,"bhai free credit card offer, koi annual fee nahi. abhi apply karo",hinglish,spam,,,,,0,0,Ignore,test,hinglish-spam-9,synthetic_template
LL01660,"namaskar, bus wrap che finishing khup vait aahe, tatkal durust kara",mr_roman,complaint,bus wrap,,,,0,25,Low,test,mr_roman-complaint-2,synthetic_template
LL00112,I run a travel company in Thane and need exterior paint for 5 buses. What discount can you offer? Need this done this month.,en,bulk_order,exterior paint,5 buses,Thane,,1,90,High,train,en-bulk_order-1,synthetic_template
LL00060,"hey, price list for interior led lighting please",en,price_query,interior led lighting,,,,0,35,Low,train,en-price_query-5,synthetic_template
LL00278,get a personal loan up to 10 lakh in 15 minutes. click the link now!,en,spam,,,,,0,0,Ignore,train,en-spam-0,synthetic_template
LL01047,"नमस्ते, सारी साड़ियों पर एक के साथ एक फ्री। आज ही दुकान पर आएं।",hi,spam,,,,,0,0,Ignore,test,hi-spam-6,synthetic_template
LL00897,"हेलो सर, 30 बस के लिए CCTV कैमरा का थोक रेट बताइए, कुल बजट 5 लाख है। कृपया कॉल करें।",hi,bulk_order,CCTV कैमरा,30 बस,,5 लाख,0,80,High,train,hi-bulk_order-5,synthetic_template
LL00735,रत्नागिरी में बॉडी पेंट लगवाने का खर्च कितना आएगा?,hi,price_query,बॉडी पेंट,,रत्नागिरी,,0,40,Medium,train,hi-price_query-1,synthetic_template
LL00372,bhai bus seats ka rate kya hai? aaj hi baat karni hai,hinglish,price_query,bus seats,,,,1,50,Medium,train,hinglish-price_query-0,synthetic_template
LL01099,सुरत मध्ये लगेज रॅक बसवायला किती खर्च येईल? कृपया कॉल करा.,mr,price_query,लगेज रॅक,,सुरत,,0,40,Medium,train,mr-price_query-1,synthetic_template
LL00603,hyderabad me meri bus ki delivery 10 din late hui aur koi phone nahi utha raha urgent chahiye,hinglish,complaint,,,hyderabad,,1,40,Medium,train,hinglish-complaint-4,synthetic_template
LL00200,I paid for luggage racks but the work is still incomplete aftter 2 weeks.,en,complaint,luggage racks,,,,0,25,Low,train,en-complaint-1,synthetic_template
LL00850,"5 बसों का बल्क ऑर्डर देना है, LED लाइट चाहिए। बजट 25 लाख। कृपया कॉल करें।",hi,bulk_order,LED लाइट,5 बसों,,25 लाख,0,80,High,train,hi-bulk_order-2,synthetic_template
LL01197,"हॅलो सर, माझी ट्रॅव्हल कंपनी पनवेल मध्ये आहे, 150 सेट मध्ये पडदे बसवायचे आहे. किती सूट मिळेल? खूप अर्जंट आहे. कृपया कॉल करा.",mr,bulk_order,पडदे,150 सेट,पनवेल,,1,90,High,train,mr-bulk_order-1,synthetic_template
LL01182,आम्हाला 12 बस साठी LED लाईट हवे आहे. घाऊक दर काय असेल? लवकर हवे आहे. कृपया कॉल करा.,mr,bulk_order,LED लाईट,12 बस,,,1,85,High,train,mr-bulk_order-0,synthetic_template
LL00407,"mujhe flooring ki price janni hai, budget around Rs 2 lakh",hinglish,price_query,flooring,,,Rs 2 lakh,0,45,Medium,val,hinglish-price_query-4,synthetic_template
LL01180,आम्हाला 10 बस साठी फ्लोअरिंग हवे आहे. घाऊक दर काय असेल? पुढच्या आठवड्यापर्यंत हवे.,mr,bulk_order,फ्लोअरिंग,10 बस,,,1,85,High,train,mr-bulk_order-0,synthetic_template
LL01500,"dada, mala ceiling panel chi kimmat janun ghyaychi aahe, budget sadharan 2 lakh dhanyavad",mr_roman,price_query,ceiling panel,,,2 lakh,0,45,Medium,train,mr_roman-price_query-4,synthetic_template
LL01156,तुम्ही नागपूर मध्ये बस सीट चे काम करता का? दर सांगा. पुढच्या आठवड्यापर्यंत हवे. कृपया कॉल करा,mr,price_query,बस सीट,,नागपूर,,1,55,Medium,train,mr-price_query-5,synthetic_template
LL00493,"namaste bulk order dena hai 10 bus ka, body paint chahiye. budget 50l",hinglish,bulk_order,body paint,10 bus,,50l,0,80,High,train,hinglish-bulk_order-2,synthetic_template
LL01529,"dada, flooring chi price list patha",mr_roman,price_query,flooring,,,,0,35,Low,test,mr_roman-price_query-6,synthetic_template
LL00828,"मेरी ट्रैवल कंपनी नवी मुंबई में है, 60 पीस में म्यूजिक सिस्टम लगवाना है। कितना डिस्काउंट मिलेगा",hi,bulk_order,म्यूजिक सिस्टम,60 पीस,नवी मुंबई,,0,75,High,train,hi-bulk_order-1,synthetic_template
LL01043,"नमस्ते, गूगल पर पहले पेज की गारंटी के साथ SEO सर्विस पाएं। धन्यवाद।",hi,spam,,,,,0,0,Ignore,train,hi-spam-5,synthetic_template
LL00641,congratulations! aapne free iPhone jeeta hai. abhi claim karo,hinglish,spam,,,,,0,0,Ignore,train,hinglish-spam-1,synthetic_template
LL00769,1 सेट के लिए लगेज रैक की कीमत बताइए। आज ही बात करनी है।,hi,price_query,लगेज रैक,1 सेट,,,1,65,Medium,train,hi-price_query-3,synthetic_template
LL00538,"8 buses ke liye ceiling panel ka wholesale rate batao, total budget Rs 50 lakh",hinglish,bulk_order,ceiling panel,8 buses,,Rs 50 lakh,0,80,High,train,hinglish-bulk_order-5,synthetic_template
LL00135,bulk order: 50 buses need roof-top ac. delivery to panvel in 3 weeks. please call me,en,bulk_order,roof-top ac,50 buses,panvel,,0,75,High,test,en-bulk_order-3,synthetic_template
LL00713,"hi free credit card offer, koi annual fee nahi. abhi apply karo",hinglish,spam,,,,,0,0,Ignore,test,hinglish-spam-9,synthetic_template
LL00414,"mujhe ceiling panel ki price janni hai, budget around 75k",hinglish,price_query,ceiling panel,,,75k,0,45,Medium,val,hinglish-price_query-4,synthetic_template
LL01068,"अपने ट्रैवल बिज़नेस के लिए गारंटीड लीड्स पाएं। सीमित ऑफर, आज ही संपर्क करें। कृपया कॉल करें।",hi,spam,,,,,0,0,Ignore,val,hi-spam-8,synthetic_template
LL00458,sir hume 250 seats ke liye vinyl branding chahiye. bulk me kya rate milega?,hinglish,bulk_order,vinyl branding,250 seats,,,0,70,High,train,hinglish-bulk_order-0,synthetic_template
LL01520,luggage rack chi price list pathva,mr_roman,price_query,luggage rack,,,,0,35,Low,test,mr_roman-price_query-6,synthetic_template
LL00461,hume 5 buses ke liye pushback seats chahiye. bulk me kya rate milega?,hinglish,bulk_order,pushback seats,5 buses,,,0,70,High,train,hinglish-bulk_order-0,synthetic_template
LL00408,"hello sir mujhe led lights ki price janni hai, budget around 3 lakh thanks",hinglish,price_query,led lights,,,3 lakh,0,45,Medium,val,hinglish-price_query-4,synthetic_template
LL00682,gogole pe first page guarantee wali SEO service lo,hinglish,spam,,,,,0,0,Ignore,test,hinglish-spam-5,synthetic_template
LL00246,the reclining seats does not match what was promised. need someone to inspect it,en,complaint,reclining seats,,,,0,25,Low,val,en-complaint-5,synthetic_template
LL01448,"hello sir, flooring cha rate kay aahe? lavkar have aahe",mr_roman,price_query,flooring,,,,1,50,Medium,train,mr_roman-price_query-0,synthetic_template
LL01614,"150 nag sathi flooring cha ghau dar sanga, ekun budget 8 lakh aahe",mr_roman,bulk_order,flooring,150 nag,,8 lakh,0,80,High,train,mr_roman-bulk_order-5,synthetic_template
LL00887,"25 बस के लिए CCTV कैमरा का थोक रेट बताइए, कुल बजट 8 लाख है।",hi,bulk_order,CCTV कैमरा,25 बस,,8 लाख,0,80,High,train,hi-bulk_order-5,synthetic_template
LL00880,"सूरत डिलीवरी के लिए 60 सेट में बस रैप चाहिए, 3 हफ्ते में।",hi,bulk_order,बस रैप,60 सेट,सूरत,,0,75,High,train,hi-bulk_order-4,synthetic_template
LL00062,"Rate for bus AC, my budget is 75k Thanks.",en,price_query,bus AC,,,75k,0,45,Medium,val,en-price_query-6,synthetic_template
LL00525,"Kalyan delivery ke liye 50 bus me pushback seats chahiye, 3 weeks me",hinglish,bulk_order,pushback seats,50 bus,Kalyan,,0,75,High,train,hinglish-bulk_order-4,synthetic_template
LL00967,जलगांव में मेरी बस की डिलीवरी 10 दिन लेट हुई और कोई फोन नहीं उठा रहा।,hi,complaint,,,जलगांव,,0,25,Low,train,hi-complaint-4,synthetic_template
LL00760,1 बस के लिए बॉडी पेंट की कीमत बताइए।,hi,price_query,बॉडी पेंट,1 बस,,,0,50,Medium,train,hi-price_query-3,synthetic_template
LL01680,"namaskar, bus seats ek atavdyatach band padle. mala refund have",mr_roman,complaint,bus seats,,,,0,25,Low,train,mr_roman-complaint-3,synthetic_template
LL00091,"good morning, we want to order window curtains for 12 buses. please share bulk pricing",en,bulk_order,window curtains,12 buses,,,0,70,High,train,en-bulk_order-0,synthetic_template
LL00417,"hi muhe bus seats ki pricce janni hai, budget around rs 2 lakh aaj hi baat karni hai call karna",hinglish,price_query,bus seats,,,rs 2 lakh,1,60,Medium,val,hinglish-price_query-4,synthetic_template
LL01408,सर्व साड्यांवर एकावर एक फ्री. आजच दुकानात या. धन्यवाद.,mr,spam,,,,,0,0,Ignore,train,mr-spam-6,synthetic_template
LL01471,pleasse padde che quotaation pathva. budget rs 40000 aahe khup urgent aahe,mr_roman,price_query,padde,,,rs 40000,1,60,Medium,train,mr_roman-price_query-2,synthetic_template
LL01267,तुम्ही बसवलेले लगेज रॅक खराब झाले आहे. हे योग्य नाही. लवकर हवे आहे.,mr,complaint,लगेज रॅक,,,,1,40,Medium,train,mr-complaint-0,synthetic_template
LL01487,2 seats sathi LED lights chi kimmat sanga khup urgent aahe,mr_roman,price_query,LED lights,2 seats,,,1,65,Medium,train,mr_roman-price_query-3,synthetic_template
LL00730,"नमस्ते, पुशबैक सीट का रेट क्या है? बहुत ज़रूरी है। कृपया कॉल करें।",hi,price_query,पुशबैक सीट,,,,1,50,Medium,train,hi-price_query-0,synthetic_template
LL01017,"हेलो सर, इंस्टाग्राम फॉलोअर्स 50k बढ़ाएं, सस्ते रेट। अभी DM करें।",hi,spam,,,,,0,0,Ignore,train,hi-spam-2,synthetic_template
LL00399,2 buses ke liye bus wrap ki price batao urgent chahiye,hinglish,price_query,bus wrap,2 buses,,,1,65,Medium,train,hinglish-price_query-3,synthetic_template
LL00116,looking to refurbish 20 buses with cctv cameras. budget rs 8 lakh. when can you start?,en,bulk_order,cctv cameras,20 buses,,rs 8 lakh,0,80,High,train,en-bulk_order-2,synthetic_template
LL00023,How much would sleeper berths cost for 1 bus in Ahmedabad,en,price_query,sleeper berths,1 bus,Ahmedabad,,0,55,Medium,train,en-price_query-2,synthetic_template
LL01574,"bulk order dyaycha aahe 40 buses cha, pushback seats have. budget Rs 5 lakh khup urgent aahe",mr_roman,bulk_order,pushback seats,40 buses,,Rs 5 lakh,1,95,High,val,mr_roman-bulk_order-2,synthetic_template
LL01178,आम्हाला 150 नग साठी बस सीट हवे आहे. घाऊक दर काय असेल?,mr,bulk_order,बस सीट,150 नग,,,0,70,High,train,mr-bulk_order-0,synthetic_template
LL00577,"music system ki finishing bahut kharab hai, trant theek karo urgent chahiye",hinglish,complaint,music system,,,,1,40,Medium,train,hinglish-complaint-2,synthetic_template
LL00273,Get a personal loan up to 1 lakh in 5 minutes. Click the link now!,en,spam,,,,,0,0,Ignore,train,en-spam-0,synthetic_template
LL01793,"free credit card offer, anual fee nahi. aatach apply kara",mr_roman,spam,,,,,0,0,Ignore,train,mr_roman-spam-9,synthetic_template
LL00332,"free credit card offer, no annuual fee. apply now",en,spam,,,,,0,0,Ignore,val,en-spam-7,synthetic_template
LL00636,bhai 5 lakh tak personal loan pao 15 minute me. abhi click karo! call karna,hinglish,spam,,,,,0,0,Ignore,val,hinglish-spam-0,synthetic_template
LL01010,"इंस्टाग्राम फॉलोअर्स 50k बढ़ाएं, सस्ते रेट। अभी DM करें।",hi,spam,,,,,0,0,Ignore,train,hi-spam-2,synthetic_template
LL00928,"मैंने बस रैप के पैसे दे दिए, लेकिन काम अभी तक अधूरा है।",hi,complaint,बस रैप,,,,0,25,Low,val,hi-complaint-1,synthetic_template
LL00155,"Hey, Need pushback seats for 150 sets, total budget Rs 8 lakh. Please call me. Thank you",en,bulk_order,pushback seats,150 sets,,Rs 8 lakh,0,80,High,train,en-bulk_order-5,synthetic_template
LL01603,"hello sir, Kolhapur madhe delivery sathi 10 buses madhe body paint have, 3 athavdyat",mr_roman,bulk_order,body paint,10 buses,Kolhapur,,0,75,High,test,mr_roman-bulk_order-4,synthetic_template
LL00530,"namaste 80 sets ke liye bus seats ka wholesale rate batao, total budget 8 lakh urgent chahiye dhanyavad",hinglish,bulk_order,bus seats,80 sets,,8 lakh,1,95,High,train,hinglish-bulk_order-5,synthetic_template
LL00469,"namaste meri travels company Navi Mumbai me hai, 8 bus me pushback seats lagwana hai. kitna discount milega?",hinglish,bulk_order,pushback seats,8 bus,Navi Mumbai,,0,75,High,test,hinglish-bulk_order-1,synthetic_template
LL00635,2 lakh tak personnal loan pao 30 mniute me. abhi click karo!,hinglish,spam,,,,,0,0,Ignore,val,hinglish-spam-0,synthetic_template
LL01646,mi bus wrap che pise dile pan kaam ajun apurna aahe,mr_roman,complaint,bus wrap,,,,0,25,Low,train,mr_roman-complaint-1,synthetic_template
LL01069,"नमस्ते, अपने ट्रैवल बिज़नेस के लिए गारंटीड लीड्स पाएं। सीमित ऑफर, आज ही संपर्क करें। कृपया कॉल करें।",hi,spam,,,,,0,0,Ignore,val,hi-spam-8,synthetic_template
LL01365,अभिनंदन! तुम्ही फ्री iPhone जिंकला आहे. आत्ताच क्लेम करा. कृपया कॉल करा,mr,spam,,,,,0,0,Ignore,test,mr-spam-1,synthetic_template
LL01398,गुगलवर पहिल्या पानाची हमी असलेली SEO सेवा मिळवा.,mr,spam,,,,,0,0,Ignore,test,mr-spam-5,synthetic_template
LL01466,bhopal madeh seat cover basvayla kiti khacrh yeil?,mr_roman,price_query,seat cover,,bhopal,,0,40,Medium,val,mr_roman-price_query-1,synthetic_template
LL01785,"tumchya traavel vyavsayasathi guaranteed leads mila. limited offer, aajach contact kara",mr_roman,spam,,,,,0,0,Ignore,val,mr_roman-spam-8,synthetic_template
LL00402,2 buses ke liye body paint ki price bataao,hinglish,price_query,body paint,2 buses,,,0,50,Medium,train,hinglish-price_query-3,synthetic_template
LL00581,"vinyl branding ki finishing bahut kharab hai, turant theek karo jaldi reply karo",hinglish,complaint,vinyl branding,,,,1,40,Medium,train,hinglish-complaint-2,synthetic_template
LL00208,"Hi, Very poor finish on the music system. Please fix it immediately. Thanks.",en,complaint,music system,,,,0,25,Low,train,en-complaint-2,synthetic_template
LL00909,आपने जो सीलिंग पैनल लगाया था वो खराब हो गया है। यह ठीक नहीं है।,hi,complaint,सीलिंग पैनल,,,,0,25,Low,train,hi-complaint-0,synthetic_template
LL01216,"नमस्कार, आमच्याकडे 20 बसेस आहेत, सर्वांमध्ये लगेज रॅक बसवायचे आहे. कृपया कॉल करा. कृपया कॉल करा.",mr,bulk_order,लगेज रॅक,20 बसेस,,,0,70,High,test,mr-bulk_order-3,synthetic_template
LL01101,बेळगाव मध्ये सीलिंग पॅनल बसवायला किती खर्च येईल? पुढच्या आठवड्यापर्यंत हवे.,mr,price_query,सीलिंग पॅनल,,बेळगाव,,1,55,Medium,train,mr-price_query-1,synthetic_template
LL01072,"फ्री क्रेडिट कार्ड ऑफर, कोई वार्षिक शुल्क नहीं। अभी अप्लाई करें।",hi,spam,,,,,0,0,Ignore,train,hi-spam-9,synthetic_template
LL01682,navi mumbai madhe majhya bus chi delivery 10 divas ushira zali ani koni phone uchalat nahi,mr_roman,complaint,,,navi mumbai,,0,25,Low,train,mr_roman-complaint-4,synthetic_template
LL00673,crypto me invest karo aur 10 din me paisa double karo,hinglish,spam,,,,,0,0,Ignore,val,hinglish-spam-4,synthetic_template
LL01079,"हेलो सर, फ्री क्रेडिट कार्ड ऑफर, कोई वार्षिक शुल्क नहीं। अभी अप्लाई करें। कृपया कॉल करें।",hi,spam,,,,,0,0,Ignore,train,hi-spam-9,synthetic_template
LL00220,seat covers stopped working within a week. I want a refund. Need this done this month,en,complaint,seat covers,,,,1,40,Medium,train,en-complaint-3,synthetic_template
LL00857,"हमारे पास 40 बस हैं, सभी में सीट कवर लगवाना है। कृपया कॉल करें।",hi,bulk_order,सीट कवर,40 बस,,,0,70,High,test,hi-bulk_order-3,synthetic_template
LL01021,घर बैठे रोज़ 3000 कमाएं। WhatsApp करें।,hi,spam,,,,,0,0,Ignore,train,hi-spam-3,synthetic_template
LL01498,"hello sir, mala ceiling panel chi kimmat janun ghyaychi aahe, budget saadharan rs 30000",mr_roman,price_query,ceiling panel,,,rs 30000,0,45,Medium,train,mr_roman-price_query-4,synthetic_template
LL01130,"हॅलो सर, 3 बस साठी फ्लोअरिंग ची किंमत सांगा. लवकर हवे आहे",mr,price_query,फ्लोअरिंग,3 बस,,,1,65,Medium,val,mr-price_query-3,synthetic_template
LL00547,jo CCTV camera aapne lagaya tha wo kharab ho gaya. ye theek nahi hai,hinglish,complaint,CCTV camera,,,,0,25,Low,train,hinglish-complaint-0,synthetic_template
LL00707,"namaste apne travel business ke liye guaranteed leaads pao. limited offer, aaj hi contact karo thanks",hinglish,spam,,,,,0,0,Ignore,train,hinglish-spam-8,synthetic_template
LL01403,गुगलवर पहिल्या पानाची हमी असलेली SEO सेवा मिळवा. कृपया कॉल करा.,mr,spam,,,,,0,0,Ignore,test,mr-spam-5,synthetic_template
LL00286,congratulations! you have won a free iphone. claim your prize,en,spam,,,,,0,0,Ignore,test,en-spam-1,synthetic_template
LL00541,jo led lights aapne lagaya tha wo kharab ho gaya. ye theek nahi hai,hinglish,complaint,led lights,,,,0,25,Low,train,hinglish-complaint-0,synthetic_template
LL00637,10 lakh tak personal loan pao 5 minute me. abhi click karo! call karna,hinglish,spam,,,,,0,0,Ignore,val,hinglish-spam-0,synthetic_template
LL01385,"हॅलो सर, घरबसल्या रोज 10000 कमवा. WhatsApp करा. धन्यवाद.",mr,spam,,,,,0,0,Ignore,train,mr-spam-3,synthetic_template
LL00786,"नमस्ते, क्या आप नांदेड़ में सीलिंग पैनल का काम करते हैं? रेट बताइए। कृपया कॉल करें।",hi,price_query,सीलिंग पैनल,,नांदेड़,,0,40,Medium,train,hi-price_query-5,synthetic_template
LL01012,"इंस्टाग्राम फॉलोअर्स 10k बढ़ाएं, सस्ते रेट। अभी DM करें। धन्यवाद।",hi,spam,,,,,0,0,Ignore,train,hi-spam-2,synthetic_template
LL01277,"मी लगेज रॅक चे पैसे दिले, पण काम अजून अपूर्ण आहे. लवकर हवे आहे",mr,complaint,लगेज रॅक,,,,1,40,Medium,test,mr-complaint-1,synthetic_template
LL00987,"वारंटी में पर्दे बदलवाना है, एक महीने में टूट गया।",hi,complaint,पर्दे,,,,0,25,Low,train,hi-complaint-5,synthetic_template
LL00985,"वारंटी में फ्लोरिंग बदलवाना है, एक महीने में टूट गया। जल्दी चाहिए।",hi,complaint,फ्लोरिंग,,,,1,40,Medium,train,hi-complaint-5,synthetic_template
LL00450,sir roof top AC kitne ka padega 1 bus me,hinglish,price_query,roof top AC,1 bus,,,0,50,Medium,test,hinglish-price_query-7,synthetic_template
LL00599,bhai luggage rack ek hafte me hi band ho gaya. mujhe reefund chahiye agle hafte tak chahiye thanks,hinglish,complaint,luggage rack,,,,1,40,Medium,val,hinglish-complaint-3,synthetic_template
LL00180,"Good morning, We are a school in Ratnagiri. Need anti-skid flooring for 60 seats. What is the best price",en,bulk_order,anti-skid flooring,60 seats,Ratnagiri,,0,75,High,val,en-bulk_order-7,synthetic_template
LL00261,warranty claim for ceiling panels. it broke after one month. need this done this month.,en,complaint,ceiling panels,,,,1,40,Medium,train,en-complaint-6,synthetic_template
LL01318,"हॅलो सर, रूफ टॉप AC एका आठवड्यातच बंद पडले. मला रिफंड हवा आहे.",mr,complaint,रूफ टॉप AC,,,,0,25,Low,train,mr-complaint-3,synthetic_template
LL00456,hume 8 buses ke liye flooring chahiye. bulk me kya rate milega,hinglish,bulk_order,flooring,8 buses,,,0,70,High,train,hinglish-bulk_order-0,synthetic_template
LL00913,"हेलो सर, आपने जो सीलिंग पैनल लगाया था वो खराब हो गया है। यह ठीक नहीं है। बहुत ज़रूरी है। धन्यवाद।",hi,complaint,सीलिंग पैनल,,,,1,40,Medium,train,hi-complaint-0,synthetic_template
LL01592,"Nanded madhe delivery sathi 15 buses madhe flooring have, 3 athavdyat aajach bolaycha aahe",mr_roman,bulk_order,flooring,15 buses,Nanded,,1,90,High,test,mr_roman-bulk_order-4,synthetic_template
LL00502,"hamare paas 300 sets hai, sabme bus seats lagwana hai. please call karo",hinglish,bulk_order,bus seats,300 sets,,,0,70,High,val,hinglish-bulk_order-3,synthetic_template
LL01723,abhinandan! tumhi free iPhone jinkla aahe. aatach claim kara,mr_roman,spam,,,,,0,0,Ignore,val,mr_roman-spam-1,synthetic_template
LL01457,Goa mahde LED lights bassvayla kiti kharch yeil,mr_roman,price_query,LED lights,,Goa,,0,40,Medium,val,mr_roman-price_query-1,synthetic_template
LL01613,"20 buses sathi CCTV camera cha ghau dar sanga, ekun budget Rs 5 lakh aahe aajach bolaycha aahe",mr_roman,bulk_order,CCTV camera,20 buses,,Rs 5 lakh,1,95,High,train,mr_roman-bulk_order-5,synthetic_template
LL00585,"namaste LED lights ki finihsing bahut kharab hai, turant theek karo",hinglish,complaint,LED lights,,,,0,25,Low,train,hinglish-complaint-2,synthetic_template
LL01036,गूगल पर पहले पेज की गारंटी के साथ SEO सर्विस पाएं। धन्यवाद।,hi,spam,,,,,0,0,Ignore,train,hi-spam-5,synthetic_template
LL00680,google pe fisrt page guarantee wali SEO service lo call karna,hinglish,spam,,,,,0,0,Ignore,test,hinglish-spam-5,synthetic_template
LL00775,"मुझे सीलिंग पैनल की कीमत जाननी है, बजट लगभग ₹30,000 है। बहुत ज़रूरी है।",hi,price_query,सीलिंग पैनल,,,"₹30,000",1,60,Medium,val,hi-price_query-4,synthetic_template
LL00477,"meri travels company Navi Mumbai me hai, 100 sets me curtains lagwana hai. kitna discount milega?",hinglish,bulk_order,curtains,100 sets,Navi Mumbai,,0,75,High,test,hinglish-bulk_order-1,synthetic_template
LL00105,I run a travel comany in Solapur and need bus seats for 25 buses. What dicsount can you offer? Please call me,en,bulk_order,bus seats,25 buses,Solapur,,0,75,High,train,en-bulk_order-1,synthetic_template
LL01281,"मी सीलिंग पॅनल चे पैसे दिले, पण काम अजून अपूर्ण आहे.",mr,complaint,सीलिंग पॅनल,,,,0,25,Low,test,mr-complaint-1,synthetic_template
LL00318,Invest in crypto and doubble your money in 7 days.,en,spam,,,,,0,0,Ignore,train,en-spam-5,synthetic_template
LL00221,sleeper berths stopped working within a week. I want a refund.,en,complaint,sleeper berths,,,,0,25,Low,train,en-complaint-3,synthetic_template
LL00199,"Hello sir, I paid for anti-skid flooring but the work is still incomplete after 2 weeks. Thank you.",en,complaint,anti-skid flooring,,,,0,25,Low,train,en-complaint-1,synthetic_template
LL00398,1 bus ke liye vinyl branding ki price batao jaldi reply karo dhanyavad,hinglish,price_query,vinyl branding,1 bus,,,1,65,Medium,train,hinglish-price_query-3,synthetic_template
LL00895,"हेलो सर, 10 बसों के लिए पुशबैक सीट का थोक रेट बताइए, कुल बजट 50 लाख है।",hi,bulk_order,पुशबैक सीट,10 बसों,,50 लाख,0,80,High,train,hi-bulk_order-5,synthetic_template
LL01643,"namaskar, mi bus seats che paise dile pan kaam ajun apurna aahe",mr_roman,complaint,bus seats,,,,0,25,Low,train,mr_roman-complaint-1,synthetic_template
LL00495,"bulk order dena hai 25 buses ka, pushback seats chahiye. budget rs 25 lakh urgent chahiye call karna",hinglish,bulk_order,pushback seats,25 buses,,rs 25 lakh,1,95,High,train,hinglish-bulk_order-2,synthetic_template
LL00406,namaste 1 bus ke liye bus seats ki price batao agle hafte tak chahiye,hinglish,price_query,bus seats,1 bus,,,1,65,Medium,train,hinglish-price_query-3,synthetic_template
LL01296,"हॅलो सर, LED लाईट चे फिनिशिंग खूप वाईट आहे, ताबडतोब दुरुस्त करा.",mr,complaint,LED लाईट,,,,0,25,Low,train,mr-complaint-2,synthetic_template
LL01357,1 लाखांपर्यंत पर्सनल लोन 5 मिनिटांत मिळवा. आत्ताच क्लिक करा!,mr,spam,,,,,0,0,Ignore,val,mr-spam-0,synthetic_template
LL00496,"hamare paas 50 buses hai, sabme luggage rack lagwana hai. please call karo",hinglish,bulk_order,luggage rack,50 buses,,,0,70,High,val,hinglish-bulk_order-3,synthetic_template
LL01007,"नमस्ते, बधाई हो! आपने फ्री iPhone जीता है। अभी क्लेम करें। धन्यवाद।",hi,spam,,,,,0,0,Ignore,train,hi-spam-1,synthetic_template
LL00931,"हेलो सर, सीलिंग पैनल की फिनिशिंग बहुत खराब है, तुरंत ठीक करवाइए।",hi,complaint,सीलिंग पैनल,,,,0,25,Low,test,hi-complaint-2,synthetic_template
LL01488,"dada, 2 sets sathi luggage rack chi kimmat sanga",mr_roman,price_query,luggage rack,2 sets,,,0,50,Medium,train,mr_roman-price_query-3,synthetic_template
LL00463,hume 80 seats ke liye seat cover chahiye. bulk me kya rate milega?,hinglish,bulk_order,seat cover,80 seats,,,0,70,High,train,hinglish-bulk_order-0,synthetic_template
LL01436,"फ्री क्रेडिट कार्ड ऑफर, वार्षिक शुल्क नाही. आत्ताच अर्ज करा. धन्यवाद",mr,spam,,,,,0,0,Ignore,train,mr-spam-9,synthetic_template
LL01336,"वॉरंटीमध्ये बॉडी पेंट बदलून हवे आहे, एका महिन्यात तुटले. लवकर हवे आहे",mr,complaint,बॉडी पेंट,,,,1,40,Medium,val,mr-complaint-5,synthetic_template
LL00848,"नमस्ते, 12 बसों का बल्क ऑर्डर देना है, CCTV कैमरा चाहिए। बजट 5 लाख।",hi,bulk_order,CCTV कैमरा,12 बसों,,5 लाख,0,80,High,train,hi-bulk_order-2,synthetic_template
LL00671,crypto me invest karo aur 15 din me paisa double karo,hinglish,spam,,,,,0,0,Ignore,val,hinglish-spam-4,synthetic_template
LL00917,"मैंने पुशबैक सीट के पैसे दे दिए, लेकिन काम अभी तक अधूरा है। बहुत ज़रूरी है।",hi,complaint,पुशबैक सीट,,,,1,40,Medium,val,hi-complaint-1,synthetic_template
LL01687,Surat madhe majhya bus chi delivery 10 divas ushira zali ani koni phone uchalat nahi aajach bolaycha aahe,mr_roman,complaint,,,Surat,,1,40,Medium,train,mr_roman-complaint-4,synthetic_template
LL00976,"वारंटी में सीट कवर बदलवाना है, एक महीने में टूट गया। अगले हफ्ते तक चाहिए।",hi,complaint,सीट कवर,,,,1,40,Medium,train,hi-complaint-5,synthetic_template
LL00359,"grow your travel business with guaranteed leads. limited offer, contact us today.",en,spam,,,,,0,0,Ignore,train,en-spam-10,synthetic_template
LL00533,"hello sir 20 bus ke liye led lights ka wholesale rate batao, total budget rs 50 lakh call karna",hinglish,bulk_order,led lights,20 bus,,rs 50 lakh,0,80,High,train,hinglish-bulk_order-5,synthetic_template
LL01362,"नमस्कार, अभिनंदन! तुम्ही फ्री iPhone जिंकला आहे. आत्ताच क्लेम करा",mr,spam,,,,,0,0,Ignore,test,mr-spam-1,synthetic_template
LL01256,"120 सेट साठी पुशबॅक सीट चा घाऊक दर सांगा, एकूण बजेट 1 कोटी आहे. कृपया कॉल करा.",mr,bulk_order,पुशबॅक सीट,120 सेट,,1 कोटी,0,80,High,val,mr-bulk_order-5,synthetic_template
LL01585,"amchyaakde 8 bus aahet, sarvammadhe roof top AC basvaycha aahe. pllease call kara",mr_roman,bulk_order,roof top AC,8 bus,,,0,70,High,train,mr_roman-bulk_order-3,synthetic_template
LL00093,we want to order full body paint for 10 buses. please share bulk pricing. need it urgently. thank you.,en,bulk_order,full body paint,10 buses,,,1,85,High,train,en-bulk_order-0,synthetic_template
LL01020,घर बैठे रोज़ 5000 कमाएं। WhatsApp करें।,hi,spam,,,,,0,0,Ignore,train,hi-spam-3,synthetic_template
LL00684,sir google pe first page guarantee wali SEO service lo,hinglish,spam,,,,,0,0,Ignore,test,hinglish-spam-5,synthetic_template
LL01598,"Panvel madhe delivery sathi 300 seats madhe seat cover have, 3 athavdyat lavkar have aahe",mr_roman,bulk_order,seat cover,300 seats,Panvel,,1,90,High,test,mr_roman-bulk_order-4,synthetic_template
LL01045,सारी साड़ियों पर एक के साथ एक फ्री। आज ही दुकान पर आएं।,hi,spam,,,,,0,0,Ignore,test,hi-spam-6,synthetic_template
LL00373,jalgaon me bus seats lagwane ka kitna kharcha aayega?,hinglish,price_query,bus seats,,jalgaon,,0,40,Medium,train,hinglish-price_query-1,synthetic_template
LL01274,तुम्ही बसवलेले रूफ टॉप AC खराब झाले आहे. हे योग्य नाही.,mr,complaint,रूफ टॉप AC,,,,0,25,Low,train,mr-complaint-0,synthetic_template
LL01295,"CCTV कॅमेरा चे फिनिशिंग खूप वाईट आहे, ताबडतोब दुरुस्त करा. खूप अर्जंट आहे",mr,complaint,CCTV कॅमेरा,,,,1,40,Medium,train,mr-complaint-2,synthetic_template
LL01794,"free creit card offer, annual fee nahi. aatach apply kara dhanyavad",mr_roman,spam,,,,,0,0,Ignore,train,mr_roman-spam-9,synthetic_template
LL01005,"नमस्ते, बधाई हो! आपने फ्री iPhone जीता है। अभी क्लेम करें। कृपया कॉल करें।",hi,spam,,,,,0,0,Ignore,train,hi-spam-1,synthetic_template
LL00874,"पुणे डिलीवरी के लिए 25 बस में बस रैप चाहिए, 3 हफ्ते में। कृपया कॉल करें।",hi,bulk_order,बस रैप,25 बस,पुणे,,0,75,High,train,hi-bulk_order-4,synthetic_template
LL00280,congratulations! you have won a free iphone. claim your prize.,en,spam,,,,,0,0,Ignore,test,en-spam-1,synthetic_template
LL01640,"hello sir, mi roof top AC che paise dile pan kaam ajun apurna aahe",mr_roman,complaint,roof top AC,,,,0,25,Low,train,mr_roman-complaint-1,synthetic_template
LL00500,"hamarre paas 50 bus hai, sabbme body paint lagwanna hai. please call karo dhanyavad",hinglish,bulk_order,body paint,50 bus,,,0,70,High,val,hinglish-bulk_order-3,synthetic_template
LL00714,"free creit card offer, koi annual fee nahi. abhi apply karo",hinglish,spam,,,,,0,0,Ignore,test,hinglish-spam-9,synthetic_template
LL01117,कृपया स्लीपर बर्थ चे कोटेशन पाठवा. बजेट 40 हजार आहे.,mr,price_query,स्लीपर बर्थ,,,40 हजार,0,45,Medium,test,mr-price_query-2,synthetic_template
LL00371,bhai seat cover ka rate kya hai,hinglish,price_query,seat cover,,,,0,35,Low,train,hinglish-price_query-0,synthetic_template
LL00814,हमें 50 सेट के लिए सीलिंग पैनल चाहिए। थोक में क्या रेट मिलेगा?,hi,bulk_order,सीलिंग पैनल,50 सेट,,,0,70,High,val,hi-bulk_order-0,synthetic_template
LL00963,कल्याण में मेरी बस की डिलीवरी 10 दिन लेट हुई और कोई फोन नहीं उठा रहा।,hi,complaint,,,कल्याण,,0,25,Low,train,hi-complaint-4,synthetic_template
LL00277,get a personal loan up to 2 lakh in 5 minutes. click the link now!,en,spam,,,,,0,0,Ignore,train,en-spam-0,synthetic_template
LL01782,"tumchya bus vyavsayasathi 10 lakh paryant loan mila, kagdapatre nahit. aatach click kara dhanyavad",mr_roman,spam,,,,,0,0,Ignore,test,mr_roman-spam-7,synthetic_template
LL01778,"tucmhya bus vyavsayasathi 10 lakh paryant loan mila, kagdapatre nahit. aatach clck kara",mr_roman,spam,,,,,0,0,Ignore,test,mr_roman-spam-7,synthetic_template
LL01712,1 lakh paryant personal loan 5 minitat mila. aatach click kara!,mr_roman,spam,,,,,0,0,Ignore,train,mr_roman-spam-0,synthetic_template
LL00018,Can you sare the rate for pushback seats? Need it for 1 units. Need this done this month. Thanks.,en,price_query,pushback seats,1 units,,,1,65,Medium,train,en-price_query-1,synthetic_template
LL00451,hume 15 bus ke liye LED lights chahiye. bulk me kya rate milega? dhanyavad,hinglish,bulk_order,LED lights,15 bus,,,0,70,High,train,hinglish-bulk_order-0,synthetic_template
LL00669,sir crypto me invets karo aur 10 din me paisa duoble karo,hinglish,spam,,,,,0,0,Ignore,val,hinglish-spam-4,synthetic_template
LL00778,"नमस्ते, मुझे स्लीपर बर्थ की कीमत जाननी है, बजट लगभग 20 हज़ार है।",hi,price_query,स्लीपर बर्थ,,,20 हज़ार,0,45,Medium,val,hi-price_query-4,synthetic_template
LL00455,hume 15 buses ke liye ceiling panel chahiye. bulk me kya rate milega,hinglish,bulk_order,ceiling panel,15 buses,,,0,70,High,train,hinglish-bulk_order-0,synthetic_template
LL00038,"please send a quotation for roof-top ac. budget is around ₹30,000",en,price_query,roof-top ac,,,"₹30,000",0,45,Medium,test,en-price_query-3,synthetic_template
LL01621,tumhi basvlele CCTV camera kharab zale aahe. he barobar nahi,mr_roman,complaint,CCTV camera,,,,0,25,Low,train,mr_roman-complaint-0,synthetic_template
LL01122,45 नग साठी बॉडी पेंट ची किंमत सांगा. पुढच्या आठवड्यापर्यंत हवे. धन्यवाद,mr,price_query,बॉडी पेंट,45 नग,,,1,65,Medium,val,mr-price_query-3,synthetic_template
LL01159,"नमस्कार, पुशबॅक सीट ची प्राईस लिस्ट पाठवा आजच बोलायचे आहे. कृपया कॉल करा.",mr,price_query,पुशबॅक सीट,,,,1,50,Medium,train,mr-price_query-6,synthetic_template
LL00600,namaste curtains ek hafte me hi band ho gaya. mujhe refund chahiye,hinglish,complaint,curtains,,,,0,25,Low,val,hinglish-complaint-3,synthetic_template
LL00816,हमें 50 बस के लिए LED लाइट चाहिए। थोक में क्या रेट मिलेगा?,hi,bulk_order,LED लाइट,50 बस,,,0,70,High,val,hi-bulk_order-0,synthetic_template
LL01291,"LED लाईट चे फिनिशिंग खूप वाईट आहे, ताबडतोब दुरुस्त करा.",mr,complaint,LED लाईट,,,,0,25,Low,train,mr-complaint-2,synthetic_template
LL00292,"boost your instagram followers by 50k. cheap rates, dm now.",en,spam,,,,,0,0,Ignore,train,en-spam-2,synthetic_template
LL00754,कृपया LED लाइट का कोटेशन भेजें। बजट 50 हज़ार है। बहुत ज़रूरी है।,hi,price_query,LED लाइट,,,50 हज़ार,1,60,Medium,train,hi-price_query-2,synthetic_template
LL01340,"वॉरंटीमध्ये CCTV कॅमेरा बदलून हवे आहे, एका महिन्यात तुटले",mr,complaint,CCTV कॅमेरा,,,,0,25,Low,val,mr-complaint-5,synthetic_template
LL00950,"हेलो सर, पुशबैक सीट एक हफ्ते में ही बंद हो गया। मुझे रिफंड चाहिए।",hi,complaint,पुशबैक सीट,,,,0,25,Low,train,hi-complaint-3,synthetic_template
LL01022,"नमस्ते, घर बैठे रोज़ 10000 कमाएं। WhatsApp करें। कृपया कॉल करें।",hi,spam,,,,,0,0,Ignore,train,hi-spam-3,synthetic_template
LL01112,"हॅलो सर, कृपया म्युझिक सिस्टीम चे कोटेशन पाठवा. बजेट 75000 रुपये आहे.",mr,price_query,म्युझिक सिस्टीम,,,75000 रुपये,0,45,Medium,test,mr-price_query-2,synthetic_template
LL00830,"मेरी ट्रैवल कंपनी नवी मुंबई में है, 250 पीस में लगेज रैक लगवाना है। कितना डिस्काउंट मिलेगा",hi,bulk_order,लगेज रैक,250 पीस,नवी मुंबई,,0,75,High,train,hi-bulk_order-1,synthetic_template
LL00867,"हमारे पास 30 बस हैं, सभी में बॉडी पेंट लगवाना है। कृपया कॉल करें। अगले हफ्ते तक चाहिए। धन्यवाद।",hi,bulk_order,बॉडी पेंट,30 बस,,,1,85,High,test,hi-bulk_order-3,synthetic_template
LL00080,What wuold it cost to get seat covers done on my bus? I'm in Goa.,en,price_query,seat covers,,Goa,,0,40,Medium,train,en-price_query-7,synthetic_template
LL00749,कृपया स्लीपर बर्थ का कोटेशन भेजें। बजट 20 हज़ार है।,hi,price_query,स्लीपर बर्थ,,,20 हज़ार,0,45,Medium,train,hi-price_query-2,synthetic_template
LL01368,अभिनंदन! तुम्ही फ्री iPhone जिंकला आहे. आत्ताच क्लेम करा. धन्यवाद.,mr,spam,,,,,0,0,Ignore,test,mr-spam-1,synthetic_template
LL00837,"मेरी ट्रैवल कंपनी रत्नागिरी में है, 20 बस में म्यूजिक सिस्टम लगवाना है। कितना डिस्काउंट मिलेगा?",hi,bulk_order,म्यूजिक सिस्टम,20 बस,रत्नागिरी,,0,75,High,train,hi-bulk_order-1,synthetic_template
LL01441,flooring cha rate kay aahe? call kara,mr_roman,price_query,flooring,,,,0,35,Low,train,mr_roman-price_query-0,synthetic_template
LL01257,"10 बस साठी LED लाईट चा घाऊक दर सांगा, एकूण बजेट 10 लाख आहे.",mr,bulk_order,LED लाईट,10 बस,,10 लाख,0,80,High,val,mr-bulk_order-5,synthetic_template
LL01790,"tumcya travel vyavsayasathi guaranteed leads mila. limited offer, aajach contact kara",mr_roman,spam,,,,,0,0,Ignore,val,mr_roman-spam-8,synthetic_template
LL00309,earn 3000 per day working from home. whatsapp us,en,spam,,,,,0,0,Ignore,train,en-spam-4,synthetic_template
LL00329,"Free credit card offer, no annual fee. Apply now. Thank you",en,spam,,,,,0,0,Ignore,val,en-spam-7,synthetic_template
LL00728,"हेलो सर, लगेज रैक का रेट क्या है",hi,price_query,लगेज रैक,,,,0,35,Low,train,hi-price_query-0,synthetic_template
LL00381,Nashik me CCTV camera lagwane ka kitna kharcha aayega? thanks,hinglish,price_query,CCTV camera,,Nashik,,0,40,Medium,train,hinglish-price_query-1,synthetic_template
LL01600,"Indore madhe delivery sathi 30 buses madhe body paint have, 3 athavdyat",mr_roman,bulk_order,body paint,30 buses,Indore,,0,75,High,test,mr_roman-bulk_order-4,synthetic_template
LL01713,3 lakh paryant personal loan 15 minitat mila. aatach click kara!,mr_roman,spam,,,,,0,0,Ignore,train,mr_roman-spam-0,synthetic_template
LL01143,"मला पुशबॅक सीट ची किंमत जाणून घ्यायची आहे, बजेट साधारण ₹1 लाख. लवकर हवे आहे.",mr,price_query,पुशबॅक सीट,,,₹1 लाख,1,60,Medium,train,mr-price_query-4,synthetic_template
LL01132,"हॅलो सर, 2 सेट साठी रूफ टॉप AC ची किंमत सांगा. कृपया कॉल करा.",mr,price_query,रूफ टॉप AC,2 सेट,,,0,50,Medium,val,mr-price_query-3,synthetic_template
LL01228,"हॅलो सर, आमच्याकडे 150 सीट आहेत, सर्वांमध्ये LED लाईट बसवायचे आहे. कृपया कॉल करा.",mr,bulk_order,LED लाईट,150 सीट,,,0,70,High,test,mr-bulk_order-3,synthetic_template
LL01776,"tuumchya bus vyavsayasathi 2 lakh paryant loan mila, kagdapatre nahit. atach click kara",mr_roman,spam,,,,,0,0,Ignore,test,mr_roman-spam-7,synthetic_template
LL00191,the full body paint you installed is already damaged. this is unacceptable. thanks.,en,complaint,full body paint,,,,0,25,Low,train,en-complaint-0,synthetic_template
LL01449,padde cha rate kay aahe? aajach bolaycha aahe thanks,mr_roman,price_query,padde,,,,1,50,Medium,train,mr_roman-price_query-0,synthetic_template
LL00901,आपने जो बॉडी पेंट लगाया था वो खराब हो गया है। यह ठीक नहीं है। आज ही बात करनी है।,hi,complaint,बॉडी पेंट,,,,1,40,Medium,train,hi-complaint-0,synthetic_template
LL00136,bulk order: 12 buses need interior led lighting. dleivery to nagpur in 3 weeks. required by next week. thank you.,en,bulk_order,interior led lighting,12 buses,nagpur,,1,90,High,test,en-bulk_order-3,synthetic_template
LL00442,sir CCTV camera kitne ka padega 45 pieces me,hinglish,price_query,CCTV camera,45 pieces,,,0,50,Medium,test,hinglish-price_query-7,synthetic_template
LL01041,"हेलो सर, गूगल पर पहले पेज की गारंटी के साथ SEO सर्विस पाएं। कृपया कॉल करें।",hi,spam,,,,,0,0,Ignore,train,hi-spam-5,synthetic_template
LL00426,namaste kya aap thane me bus seats ka kaam karte ho? rate batao thanks,hinglish,price_query,bus seats,,thane,,0,40,Medium,train,hinglish-price_query-5,synthetic_template
LL00994,5 लाख तक का पर्सनल लोन 30 मिनट में पाएं। अभी क्लिक करें,hi,spam,,,,,0,0,Ignore,train,hi-spam-0,synthetic_template
LL00148,"Need bus seats for 8 buses, total budget Rs 15 lakh. Please call me.",en,bulk_order,bus seats,8 buses,,Rs 15 lakh,0,80,High,train,en-bulk_order-5,synthetic_template
LL00879,"नमस्ते, बेंगलुरु डिलीवरी के लिए 200 सीट में पुशबैक सीट चाहिए, 3 हफ्ते में।",hi,bulk_order,पुशबैक सीट,200 सीट,बेंगलुरु,,0,75,High,train,hi-bulk_order-4,synthetic_template
LL00747,"नमस्ते, कृपया फ्लोरिंग का कोटेशन भेजें। बजट ₹30,000 है। अगले हफ्ते तक चाहिए।",hi,price_query,फ्लोरिंग,,,"₹30,000",1,60,Medium,train,hi-price_query-2,synthetic_template
LL00048,"hey, do you install led lights in bengaluru? what's the cost",en,price_query,led lights,,bengaluru,,0,40,Medium,train,en-price_query-4,synthetic_template
LL01426,"हॅलो सर, तुमच्या ट्रॅव्हल व्यवसायासाठी हमखास लीड्स मिळवा. मर्यादित ऑफर, आजच संपर्क साधा.",mr,spam,,,,,0,0,Ignore,val,mr-spam-8,synthetic_template
LL01415,"तुमच्या बस व्यवसायासाठी 2 लाखांपर्यंत कर्ज मिळवा, कागदपत्रे नाहीत. आत्ताच क्लिक करा!",mr,spam,,,,,0,0,Ignore,train,mr-spam-7,synthetic_template
LL01699,"warranty madhe music system badlun hava aahe, ek mahinyat tutle",mr_roman,complaint,music system,,,,0,25,Low,val,mr_roman-complaint-5,synthetic_template
LL01537,amhala 10 bus sathi ceiling panel have aahe. ghau dar kay asel? pudhchya athavdyaparyant have,mr_roman,bulk_order,ceiling panel,10 bus,,,1,85,High,train,mr_roman-bulk_order-0,synthetic_template
LL00271,Get a personal loan up to 2 lakh in 5 minutes. Click the link now,en,spam,,,,,0,0,Ignore,train,en-spam-0,synthetic_template
LL00562,maine curtains ke paise de diye lekin kaam abhi tak adhura hai thanks,hinglish,complaint,curtains,,,,0,25,Low,train,hinglish-complaint-1,synthetic_template
LL00794,क्या आप लातूर में बस रैप का काम करते हैं? रेट बताइए।,hi,price_query,बस रैप,,लातूर,,0,40,Medium,train,hi-price_query-5,synthetic_template
LL00838,"मेरी ट्रैवल कंपनी नांदेड़ में है, 50 बसों में सीट कवर लगवाना है। कितना डिस्काउंट मिलेगा",hi,bulk_order,सीट कवर,50 बसों,नांदेड़,,0,75,High,train,hi-bulk_order-1,synthetic_template
LL01251,"नमस्कार, 50 बस साठी पडदे चा घाऊक दर सांगा, एकूण बजेट 50 लाख आहे. पुढच्या आठवड्यापर्यंत हवे.",mr,bulk_order,पडदे,50 बस,,50 लाख,1,95,High,val,mr-bulk_order-5,synthetic_template
LL00753,कृपया स्लीपर बर्थ का कोटेशन भेजें। बजट 3 लाख है। अगले हफ्ते तक चाहिए। कृपया कॉल करें।,hi,price_query,स्लीपर बर्थ,,,3 लाख,1,60,Medium,train,hi-price_query-2,synthetic_template
LL01279,"मी लगेज रॅक चे पैसे दिले, पण काम अजून अपूर्ण आहे. कृपया कॉल करा.",mr,complaint,लगेज रॅक,,,,0,25,Low,test,mr-complaint-1,synthetic_template
LL01316,स्लीपर बर्थ एका आठवड्यातच बंद पडले. मला रिफंड हवा आहे.,mr,complaint,स्लीपर बर्थ,,,,0,25,Low,train,mr-complaint-3,synthetic_template
LL00797,"हेलो सर, क्या आप वसई में लगेज रैक का काम करते हैं? रेट बताइए।",hi,price_query,लगेज रैक,,वसई,,0,40,Medium,train,hi-price_query-5,synthetic_template
LL01420,"नमस्कार, तुमच्या बस व्यवसायासाठी 1 लाखांपर्यंत कर्ज मिळवा, कागदपत्रे नाहीत. आत्ताच क्लिक करा!",mr,spam,,,,,0,0,Ignore,train,mr-spam-7,synthetic_template
LL00294,"boost your instagrram followers by 10k. chaep rates, dm now.",en,spam,,,,,0,0,Ignore,train,en-spam-2,synthetic_template
LL01027,क्रिप्टो में निवेश करें और 3 दिन में पैसा डबल करें।,hi,spam,,,,,0,0,Ignore,val,hi-spam-4,synthetic_template
LL01028,क्रिप्टो में निवेश करें और 5 दिन में पैसा डबल करें।,hi,spam,,,,,0,0,Ignore,val,hi-spam-4,synthetic_template
LL01121,"हॅलो सर, 45 नग साठी बॉडी पेंट ची किंमत सांगा. लवकर हवे आहे. धन्यवाद",mr,price_query,बॉडी पेंट,45 नग,,,1,65,Medium,val,mr-price_query-3,synthetic_template
LL01157,तुम्ही मुंबई मध्ये फ्लोअरिंग चे काम करता का? दर सांगा,mr,price_query,फ्लोअरिंग,,मुंबई,,0,40,Medium,train,mr-price_query-5,synthetic_template
LL01728,abhinandan! tumhi free iphone jinkla aahe. aatach claim kara dhanyavad,mr_roman,spam,,,,,0,0,Ignore,val,mr_roman-spam-1,synthetic_template
LL01164,सीट कव्हर ची प्राईस लिस्ट पाठवा कृपया कॉल करा,mr,price_query,सीट कव्हर,,,,0,35,Low,train,mr-price_query-6,synthetic_template
LL00052,Price list for bus AC please Please reply asap. Thank you,en,price_query,bus AC,,,,1,50,Medium,train,en-price_query-5,synthetic_template
LL00263,"hello sir, warranty claim for exterior paint. it broke after one month.",en,complaint,exterior paint,,,,0,25,Low,train,en-complaint-6,synthetic_template
LL00995,10 लाख तक का पर्सनल लोन 30 मिनट में पाएं। अभी क्लिक करें,hi,spam,,,,,0,0,Ignore,train,hi-spam-0,synthetic_template
LL00574,"body paint ki finishing bahut kharab hai, turant theek karo",hinglish,complaint,body paint,,,,0,25,Low,train,hinglish-complaint-2,synthetic_template
LL00030,"Hey, How much would reclining seats cost for 4 seats in Mumbai? Please reply asap.",en,price_query,reclining seats,4 seats,Mumbai,,1,70,High,train,en-price_query-2,synthetic_template
LL00694,"bus business ke liye 2 lakh tak loan pao, koi documents nahi. abhi click karo",hinglish,spam,,,,,0,0,Ignore,train,hinglish-spam-7,synthetic_template
LL01363,अभिनंदन! तुम्ही फ्री iPhone जिंकला आहे. आत्ताच क्लेम करा. कृपया कॉल करा.,mr,spam,,,,,0,0,Ignore,test,mr-spam-1,synthetic_template
LL00703,"apne travel business ke liye guaranteed leads pao. limited offer, aaj hi contacct karo",hinglish,spam,,,,,0,0,Ignore,train,hinglish-spam-8,synthetic_template
LL00812,"हेलो सर, हमें 40 सीट के लिए बस रैप चाहिए। थोक में क्या रेट मिलेगा? धन्यवाद।",hi,bulk_order,बस रैप,40 सीट,,,0,70,High,val,hi-bulk_order-0,synthetic_template
LL00378,namaste Pune me vinyl branding lagwane ka kitna khaarcha aayega,hinglish,price_query,vinyl branding,,Pune,,0,40,Medium,train,hinglish-price_query-1,synthetic_template
LL00653,"instagram followers 50k badhao, sasta rate. DM karo",hinglish,spam,,,,,0,0,Ignore,train,hinglish-spam-2,synthetic_template
LL00835,"मेरी ट्रैवल कंपनी अहमदाबाद में है, 40 सेट में बॉडी पेंट लगवाना है। कितना डिस्काउंट मिलेगा?",hi,bulk_order,बॉडी पेंट,40 सेट,अहमदाबाद,,0,75,High,train,hi-bulk_order-1,synthetic_template
LL00807,LED लाइट का प्राइस लिस्ट भेज दीजिए,hi,price_query,LED लाइट,,,,0,35,Low,test,hi-price_query-6,synthetic_template
LL01380,घरबसल्या रोज 5000 कमवा. WhatsApp करा.,mr,spam,,,,,0,0,Ignore,train,mr-spam-3,synthetic_template
LL01467,please CCTV camera che quotation pathva. budget Rs 75000 aahe,mr_roman,price_query,CCTV camera,,,Rs 75000,0,45,Medium,train,mr_roman-price_query-2,synthetic_template
LL01735,"instagram followers 50k vadhva, swasta dar. dm kara",mr_roman,spam,,,,,0,0,Ignore,train,mr_roman-spam-2,synthetic_template
LL01217,"आमच्याकडे 50 बस आहेत, सर्वांमध्ये फ्लोअरिंग बसवायचे आहे. कृपया कॉल करा. कृपया कॉल करा.",mr,bulk_order,फ्लोअरिंग,50 बस,,,0,70,High,test,mr-bulk_order-3,synthetic_template
LL01581,"amchyakade 300 sets aahet, sarvamadhe music system basvaycha aahe. please call kara",mr_roman,bulk_order,music system,300 sets,,,0,70,High,train,mr_roman-bulk_order-3,synthetic_template
LL01430,"हॅलो सर, तुमच्या ट्रॅव्हल व्यवसायासाठी हमखास लीड्स मिळवा. मर्यादित ऑफर, आजच संपर्क साधा",mr,spam,,,,,0,0,Ignore,val,mr-spam-8,synthetic_template
LL01696,"warranty madhe pushback seats badlun hava aahe, ek mahinyat tutle",mr_roman,complaint,pushback seats,,,,0,25,Low,val,mr_roman-complaint-5,synthetic_template
LL00839,"मेरी ट्रैवल कंपनी ठाणे में है, 10 बसों में बस सीट लगवाना है। कितना डिस्काउंट मिलेगा",hi,bulk_order,बस सीट,10 बसों,ठाणे,,0,75,High,train,hi-bulk_order-1,synthetic_template
LL01097,रत्नागिरी मध्ये पडदे बसवायला किती खर्च येईल? खूप अर्जंट आहे.,mr,price_query,पडदे,,रत्नागिरी,,1,55,Medium,train,mr-price_query-1,synthetic_template
LL00709,"apne travel business ke liye guaranteed leads pao. limited offer, aaj hi contact karo dhanyavad",hinglish,spam,,,,,0,0,Ignore,train,hinglish-spam-8,synthetic_template
LL00808,"नमस्ते, LED लाइट का प्राइस लिस्ट भेज दीजिए",hi,price_query,LED लाइट,,,,0,35,Low,test,hi-price_query-6,synthetic_template
LL00338,buy 1 get 1 free on all sarees. visit our store today,en,spam,,,,,0,0,Ignore,test,en-spam-8,synthetic_template
LL00147,Our fleet of 50 buses needs LED lights. Can we schedule a visit to Nashik? Required by next week.,en,bulk_order,LED lights,50 buses,Nashik,,1,90,High,train,en-bulk_order-4,synthetic_template
LL00871,"जलगांव डिलीवरी के लिए 5 बस में पर्दे चाहिए, 3 हफ्ते में।",hi,bulk_order,पर्दे,5 बस,जलगांव,,0,75,High,train,hi-bulk_order-4,synthetic_template
LL01686,"namaskar, ahmedabad madhe majhya bus chi delivery 10 divas ushira zali ani koni phone uchalat nahi call kara",mr_roman,complaint,,,ahmedabad,,0,25,Low,train,mr_roman-complaint-4,synthetic_template
LL00168,"Ordering bus wrap for 15 buses in Goa, please confirm the wholesale rate. Please reply asap.",en,bulk_order,bus wrap,15 buses,Goa,,1,90,High,train,en-bulk_order-6,synthetic_template
LL00849,"300 पीस का बल्क ऑर्डर देना है, बॉडी पेंट चाहिए। बजट 8 लाख। बहुत ज़रूरी है।",hi,bulk_order,बॉडी पेंट,300 पीस,,8 लाख,1,95,High,train,hi-bulk_order-2,synthetic_template
LL00590,pushback seats ek hafte me hi band ho gaya. mujhe refund chahiye,hinglish,complaint,pushback seats,,,,0,25,Low,val,hinglish-complaint-3,synthetic_template
LL00119,Looking to refurbish 10 buses with vinyl branding. Budget Rs 15 lakh. When can you start?,en,bulk_order,vinyl branding,10 buses,,Rs 15 lakh,0,80,High,train,en-bulk_order-2,synthetic_template
LL01461,Goa madhe body paint basvayla kiti kharch yeil?,mr_roman,price_query,body paint,,Goa,,0,40,Medium,val,mr_roman-price_query-1,synthetic_template
LL01120,"हॅलो सर, 3 बसेस साठी स्लीपर बर्थ ची किंमत सांगा",mr,price_query,स्लीपर बर्थ,3 बसेस,,,0,50,Medium,val,mr-price_query-3,synthetic_template
LL01787,"hello sir, tumchya travel vyavsayasathi guaranteed leads mila. limited offer, aajach contact kara",mr_roman,spam,,,,,0,0,Ignore,val,mr_roman-spam-8,synthetic_template
LL00447,sir bus wrap kitne ka padega 1 bus me dhanyavad,hinglish,price_query,bus wrap,1 bus,,,0,50,Medium,test,hinglish-price_query-7,synthetic_template
LL00061,"Rate for bus AC, my budget is ₹1 lakh",en,price_query,bus AC,,,₹1 lakh,0,45,Medium,val,en-price_query-6,synthetic_template
LL01188,"हॅलो सर, माझी ट्रॅव्हल कंपनी अहमदाबाद मध्ये आहे, 50 बसेस मध्ये म्युझिक सिस्टीम बसवायचे आहे. किती सूट मिळेल? पुढच्या आठवड्यापर्यंत हवे.",mr,bulk_order,म्युझिक सिस्टीम,50 बसेस,अहमदाबाद,,1,90,High,train,mr-bulk_order-1,synthetic_template
LL00823,"नमस्ते, हमें 12 बसों के लिए रूफ टॉप AC चाहिए। थोक में क्या रेट मिलेगा? आज ही बात करनी है। कृपया कॉल करें।",hi,bulk_order,रूफ टॉप AC,12 बसों,,,1,85,High,val,hi-bulk_order-0,synthetic_template
LL00552,sir jo music system aapne lagaya tha wo kharab ho gaya. ye theek nahi hai,hinglish,complaint,music system,,,,0,25,Low,train,hinglish-complaint-0,synthetic_template
LL01628,tumhi basvlele luggage rack kharab zale aahe. he barobar nahi,mr_roman,complaint,luggage rack,,,,0,25,Low,train,mr_roman-complaint-0,synthetic_template
LL01364,अभिनंदन! तुम्ही फ्री iPhone जिंकला आहे. आत्ताच क्लेम करा. धन्यवाद,mr,spam,,,,,0,0,Ignore,test,mr-spam-1,synthetic_template
LL01799,"hello sir, free credit card offer, annual fee nahi. aatach apply kara thanks",mr_roman,spam,,,,,0,0,Ignore,train,mr_roman-spam-9,synthetic_template
LL01293,"CCTV कॅमेरा चे फिनिशिंग खूप वाईट आहे, ताबडतोब दुरुस्त करा.",mr,complaint,CCTV कॅमेरा,,,,0,25,Low,train,mr-complaint-2,synthetic_template
LL00606,hyderabad me meri bus ki delivery 10 din late hui aur koi phone nahi utha raha,hinglish,complaint,,,hyderabad,,0,25,Low,train,hinglish-complaint-4,synthetic_template
LL00544,jo seat cover aapne lagaya tha wo kharab ho gaya. ye theek nahi hai,hinglish,complaint,seat cover,,,,0,25,Low,train,hinglish-complaint-0,synthetic_template
LL00993,10 लाख तक का पर्सनल लोन 15 मिनट में पाएं। अभी क्लिक करें! कृपया कॉल करें।,hi,spam,,,,,0,0,Ignore,train,hi-spam-0,synthetic_template
LL01424,"तुमच्या ट्रॅव्हल व्यवसायासाठी हमखास लीड्स मिळवा. मर्यादित ऑफर, आजच संपर्क साधा",mr,spam,,,,,0,0,Ignore,val,mr-spam-8,synthetic_template
LL00154,"Hi, Need ceiling panels for 200 sets, total budget ₹50 lakh. Please call me. Need it urgently",en,bulk_order,ceiling panels,200 sets,,₹50 lakh,1,95,High,train,en-bulk_order-5,synthetic_template
LL00150,"need anti-skid flooring for 50 buses, total budget rs 15 lakh. please call me. required by next week.",en,bulk_order,anti-skid flooring,50 buses,,rs 15 lakh,1,95,High,train,en-bulk_order-5,synthetic_template
LL00633,5 lakh tak personal loan pao 30 minute me. abhi click karo!,hinglish,spam,,,,,0,0,Ignore,val,hinglish-spam-0,synthetic_template
LL00712,"free credit card offer, koi annual fee nahi. abhi apply karo",hinglish,spam,,,,,0,0,Ignore,test,hinglish-spam-9,synthetic_template
LL00956,"नमस्ते, बस रैप एक हफ्ते में ही बंद हो गया। मुझे रिफंड चाहिए।",hi,complaint,बस रैप,,,,0,25,Low,train,hi-complaint-3,synthetic_template
LL01555,"majhi travels company Thane madhe aahe, 40 sets madhe music system basvaycha aahe. kiti sut milel? call kara",mr_roman,bulk_order,music system,40 sets,Thane,,0,75,High,train,mr_roman-bulk_order-1,synthetic_template
LL01103,"नमस्कार, पनवेल मध्ये LED लाईट बसवायला किती खर्च येईल?",mr,price_query,LED लाईट,,पनवेल,,0,40,Medium,train,mr-price_query-1,synthetic_template
LL00618,"warranty me vinyl branding change karwana hai, ek mahine me toot gaya",hinglish,complaint,vinyl branding,,,,0,25,Low,test,hinglish-complaint-5,synthetic_template
LL00723,सीलिंग पैनल का रेट क्या है? आज ही बात करनी है। कृपया कॉल करें।,hi,price_query,सीलिंग पैनल,,,,1,50,Medium,train,hi-price_query-0,synthetic_template
LL00494,"bulk oredr dena hai 5 bus ka, sleeper berth chahiye. bdget 50l call karna",hinglish,bulk_order,sleeper berth,5 bus,,50l,0,80,High,train,hinglish-bulk_order-2,synthetic_template
LL01003,बधाई हो! आपने फ्री iPhone जीता है। अभी क्लेम करें। कृपया कॉल करें।,hi,spam,,,,,0,0,Ignore,train,hi-spam-1,synthetic_template
LL01624,"namaskar, tumhi basvlele bus seats kharab zale aahe. he barobar nahi",mr_roman,complaint,bus seats,,,,0,25,Low,train,mr_roman-complaint-0,synthetic_template
LL00965,"हेलो सर, हैदराबाद में मेरी बस की डिलीवरी 10 दिन लेट हुई और कोई फोन नहीं उठा रहा।",hi,complaint,,,हैदराबाद,,0,25,Low,train,hi-complaint-4,synthetic_template
LL00283,Congratulations! You have won a free iPhone. Claaim your prize. Please call me.,en,spam,,,,,0,0,Ignore,test,en-spam-1,synthetic_template
LL00160,"Good morning, Ordering interior LED lighting for 50 buses in Goa, please confirm the wholesale rate. Please reply asap.",en,bulk_order,interior LED lighting,50 buses,Goa,,1,90,High,train,en-bulk_order-6,synthetic_template
LL00356,"Grow your travel business with guarantede leads. Limited offer, contact us today",en,spam,,,,,0,0,Ignore,train,en-spam-10,synthetic_template
LL01755,crypto madhe invest kara ani 10 divsat paise dupple kara,mr_roman,spam,,,,,0,0,Ignore,train,mr_roman-spam-4,synthetic_template
LL01111,कृपया सीट कव्हर चे कोटेशन पाठवा. बजेट 1.5 लाख आहे.,mr,price_query,सीट कव्हर,,,1.5 लाख,0,45,Medium,test,mr-price_query-2,synthetic_template
LL00708,"hi apne travel business ke liye guaranteed leads pao. limited offer, aaj hi contact karo call karna",hinglish,spam,,,,,0,0,Ignore,train,hinglish-spam-8,synthetic_template
LL00821,हमें 100 पीस के लिए पर्दे चाहिए। थोक में क्या रेट मिलेगा?,hi,bulk_order,पर्दे,100 पीस,,,0,70,High,val,hi-bulk_order-0,synthetic_template
LL01469,please pushback seats che quotation pathva. budget rs 1.5 lakh aahe,mr_roman,price_query,pushback seats,,,rs 1.5 lakh,0,45,Medium,train,mr_roman-price_query-2,synthetic_template
LL01338,"नमस्कार, वॉरंटीमध्ये म्युझिक सिस्टीम बदलून हवे आहे, एका महिन्यात तुटले.",mr,complaint,म्युझिक सिस्टीम,,,,0,25,Low,val,mr-complaint-5,synthetic_template
LL00252,The sleeper berths does not macth what was promised. Need someone to inspect it.,en,complaint,sleeper berths,,,,0,25,Low,val,en-complaint-5,synthetic_template
LL00908,"नमस्ते, आपने जो LED लाइट लगाया था वो खराब हो गया है। यह ठीक नहीं है। बहुत ज़रूरी है। धन्यवाद।",hi,complaint,LED लाइट,,,,1,40,Medium,train,hi-complaint-0,synthetic_template
LL00916,"मैंने सीलिंग पैनल के पैसे दे दिए, लेकिन काम अभी तक अधूरा है।",hi,complaint,सीलिंग पैनल,,,,0,25,Low,val,hi-complaint-1,synthetic_template
LL01695,jalgaon madhe majhya bus chi delivery 10 divas ushira zali ani koni phone uchalat nahi,mr_roman,complaint,,,jalgaon,,0,25,Low,train,mr_roman-complaint-4,synthetic_template
LL01494,"mala bus wrap chi kimmat janun ghyaychi aahe, budget saadharan 50 hajar",mr_roman,price_query,bus wrap,,,50 hajar,0,45,Medium,train,mr_roman-price_query-4,synthetic_template
LL00938,"नमस्ते, सीट कवर की फिनिशिंग बहुत खराब है, तुरंत ठीक करवाइए। जल्दी चाहिए।",hi,complaint,सीट कवर,,,,1,40,Medium,test,hi-complaint-2,synthetic_template
LL01223,"आमच्याकडे 40 बसेस आहेत, सर्वांमध्ये सीट कव्हर बसवायचे आहे. कृपया कॉल करा.",mr,bulk_order,सीट कव्हर,40 बसेस,,,0,70,High,test,mr-bulk_order-3,synthetic_template
LL01063,"अपने ट्रैवल बिज़नेस के लिए गारंटीड लीड्स पाएं। सीमित ऑफर, आज ही संपर्क करें।",hi,spam,,,,,0,0,Ignore,val,hi-spam-8,synthetic_template
LL01618,"10 bus sathi music system cha ghau dar sanga, ekun budget 8 lakh rupaye aahe lavkar have aahe",mr_roman,bulk_order,music system,10 bus,,8 lakh rupaye,1,95,High,train,mr_roman-bulk_order-5,synthetic_template
LL00401,1 bus ke liye CCTV camera ki priec batao,hinglish,price_query,CCTV camera,1 bus,,,0,50,Medium,train,hinglish-price_query-3,synthetic_template
LL00064,"rate for reclining seats, my buget is 75k",en,price_query,reclining seats,,,75k,0,45,Medium,val,en-price_query-6,synthetic_template
LL00035,"hello sir, please send a quotation for led lights. budget is around rs 1.5 lakh. need it urgently",en,price_query,led lights,,,rs 1.5 lakh,1,60,Medium,test,en-price_query-3,synthetic_template
LL01744,gharbaalya roj 2000 kamva. WhasApp kara,mr_roman,spam,,,,,0,0,Ignore,train,mr_roman-spam-3,synthetic_template
LL01532,amhla 10 buses sati bus wrap have aahe. ghau dar kay asel?,mr_roman,bulk_order,bus wrap,10 buses,,,0,70,High,train,mr_roman-bulk_order-0,synthetic_template
LL01224,"आमच्याकडे 40 सीट आहेत, सर्वांमध्ये LED लाईट बसवायचे आहे. कृपया कॉल करा. धन्यवाद",mr,bulk_order,LED लाईट,40 सीट,,,0,70,High,test,mr-bulk_order-3,synthetic_template
LL01458,Ahmedabad madhe roof top AC basvayla kiti kharch yeil? dhanyavad,mr_roman,price_query,roof top AC,,Ahmedabad,,0,40,Medium,val,mr_roman-price_query-1,synthetic_template
LL01399,"नमस्कार, गुगलवर पहिल्या पानाची हमी असलेली SEO सेवा मिळवा. धन्यवाद.",mr,spam,,,,,0,0,Ignore,test,mr-spam-5,synthetic_template
LL00472,"meri travesl company Aurangabad me hai, 30 buses me flooring lagwaan hai. kitna discount milega? aaj hi baat karni hai",hinglish,bulk_order,flooring,30 buses,Aurangabad,,1,90,High,test,hinglish-bulk_order-1,synthetic_template
LL01078,"हेलो सर, फ्री क्रेडिट कार्ड ऑफर, कोई वार्षिक शुल्क नहीं। अभी अप्लाई करें। धन्यवाद।",hi,spam,,,,,0,0,Ignore,train,hi-spam-9,synthetic_template
LL01650,mi pushback seats che paise dile pan kaam ajun appurna aahe lavkar have aahe,mr_roman,complaint,pushback seats,,,,1,40,Medium,train,mr_roman-complaint-1,synthetic_template
LL00882,"बेलगाम डिलीवरी के लिए 40 बसों में पर्दे चाहिए, 3 हफ्ते में। धन्यवाद।",hi,bulk_order,पर्दे,40 बसों,बेलगाम,,0,75,High,train,hi-bulk_order-4,synthetic_template
LL00586,hello sir body paint ek hafte me hi band ho gaya. mujhe refund chahiye,hinglish,complaint,body paint,,,,0,25,Low,val,hinglish-complaint-3,synthetic_template
LL01193,"माझी ट्रॅव्हल कंपनी सोलापूर मध्ये आहे, 12 बसेस मध्ये बस रॅप बसवायचे आहे. किती सूट मिळेल? पुढच्या आठवड्यापर्यंत हवे.",mr,bulk_order,बस रॅप,12 बसेस,सोलापूर,,1,90,High,train,mr-bulk_order-1,synthetic_template
LL00888,"8 बस के लिए बस सीट का थोक रेट बताइए, कुल बजट 50 लाख है।",hi,bulk_order,बस सीट,8 बस,,50 लाख,0,80,High,train,hi-bulk_order-5,synthetic_template
LL00400,2 sets ke liye bus wrap ki price batao,hinglish,price_query,bus wrap,2 sets,,,0,50,Medium,train,hinglish-price_query-3,synthetic_template
LL00438,bhai seat cover ki price list bhejo aaj hi baat karni hai,hinglish,price_query,seat cover,,,,1,50,Medium,train,hinglish-price_query-6,synthetic_template
LL01507,"hello sir, tumhi Goa madhe pushback seats che kaam karta ka? dar sanga lavkar have aahe",mr_roman,price_query,pushback seats,,Goa,,1,55,Medium,train,mr_roman-price_query-5,synthetic_template
LL01310,बॉडी पेंट एका आठवड्यातच बंद पडले. मला रिफंड हवा आहे,mr,complaint,बॉडी पेंट,,,,0,25,Low,train,mr-complaint-3,synthetic_template
LL01058,"अपने बस बिज़नेस के लिए 10 लाख तक का लोन पाएं, कोई डॉक्यूमेंट नहीं। अभी क्लिक करें",hi,spam,,,,,0,0,Ignore,test,hi-spam-7,synthetic_template
LL00936,"नमस्ते, LED लाइट की फिनिशिंग बहुत खराब है, तुरंत ठीक करवाइए।",hi,complaint,LED लाइट,,,,0,25,Low,test,hi-complaint-2,synthetic_template
LL01562,"namaskar, bulk order dyaycha aahe 80 nag cha, padde have. budget rs 25 lakh lavkar have aahe thanks",mr_roman,bulk_order,padde,80 nag,,rs 25 lakh,1,95,High,val,mr_roman-bulk_order-2,synthetic_template
LL01162,"हॅलो सर, लगेज रॅक ची प्राईस लिस्ट पाठवा आजच बोलायचे आहे.",mr,price_query,लगेज रॅक,,,,1,50,Medium,train,mr-price_query-6,synthetic_template
LL01706,"warranty madhe ceiling panel badlun hava aahe, ek mahinyat tutle",mr_roman,complaint,ceiling panel,,,,0,25,Low,val,mr_roman-complaint-5,synthetic_template
LL01584,"dada, amchyakade 40 buses aahet, sarvamadhe music system basvaycha aahe. please call kara lavkar have aahe call kara",mr_roman,bulk_order,music system,40 buses,,,1,85,High,train,mr_roman-bulk_order-3,synthetic_template
LL00367,sir bhai bus seats ka rate kya hai? jaldi reply karo,hinglish,price_query,bus seats,,,,1,50,Medium,train,hinglish-price_query-0,synthetic_template
LL00330,"Free credit card offer, no annual fee. Appyl now.",en,spam,,,,,0,0,Ignore,val,en-spam-7,synthetic_template
LL00085,"quote for 2 units with interior led lighting, budget rs 50000",en,price_query,interior led lighting,2 units,,rs 50000,0,60,Medium,train,en-price_query-8,synthetic_template
LL01062,"अपने बस बिज़नेस के लिए 1 लाख तक का लोन पाएं, कोई डॉक्यूमेंट नहीं। अभी क्लिक करें! कृपया कॉल करें।",hi,spam,,,,,0,0,Ignore,test,hi-spam-7,synthetic_template
LL00411,"mujhe luggage rack ki price janni hai, budget around 3l urgent chahiye",hinglish,price_query,luggage rack,,,3l,1,60,Medium,val,hinglish-price_query-4,synthetic_template
LL00276,Get a perrsonal loan up to 1 lakh in 5 minutes. Clicck the link now!,en,spam,,,,,0,0,Ignore,train,en-spam-0,synthetic_template
LL00270,warranty caim for anti-skid flooring. it broke aftre one month. required by next week. please call me.,en,complaint,anti-skid flooring,,,,1,40,Medium,train,en-complaint-6,synthetic_template
LL01071,"नमस्ते, अपने ट्रैवल बिज़नेस के लिए गारंटीड लीड्स पाएं। सीमित ऑफर, आज ही संपर्क करें। धन्यवाद।",hi,spam,,,,,0,0,Ignore,val,hi-spam-8,synthetic_template
LL01473,please music system che quotation pathva. budget rs 1 lakh aahe dhanyavad,mr_roman,price_query,music system,,,rs 1 lakh,0,45,Medium,train,mr_roman-price_query-2,synthetic_template
LL00475,"bhai meri travels cmpany bengaluru me hai, 120 sets me ceiling panel lagwana hai. ktina discount milega? dhanyavad",hinglish,bulk_order,ceiling panel,120 sets,bengaluru,,0,75,High,test,hinglish-bulk_order-1,synthetic_template
LL00480,"meri travels company surat me hai, 50 pieces me bus wrap lagwana hai. kitna discount milega",hinglish,bulk_order,bus wrap,50 pieces,surat,,0,75,High,test,hinglish-bulk_order-1,synthetic_template
LL00212,Very poor finish on the PVC flooring. Please fix it immediately. Thank you.,en,complaint,PVC flooring,,,,0,25,Low,train,en-complaint-2,synthetic_template
LL00952,सीलिंग पैनल एक हफ्ते में ही बंद हो गया। मुझे रिफंड चाहिए।,hi,complaint,सीलिंग पैनल,,,,0,25,Low,train,hi-complaint-3,synthetic_template
LL00304,"hey, we offer seo and website ranking services. guaranteed first page on google.",en,spam,,,,,0,0,Ignore,train,en-spam-3,synthetic_template
LL00752,कृपया पुशबैक सीट का कोटेशन भेजें। बजट 40 हज़ार है।,hi,price_query,पुशबैक सीट,,,40 हज़ार,0,45,Medium,train,hi-price_query-2,synthetic_template
LL01658,"luggage rack che finishing khup vait aahe, tatkal durust kara dhanyavad",mr_roman,complaint,luggage rack,,,,0,25,Low,test,mr_roman-complaint-2,synthetic_template
LL00910,"हेलो सर, आपने जो रूफ टॉप AC लगाया था वो खराब हो गया है। यह ठीक नहीं है। जल्दी चाहिए। कृपया कॉल करें।",hi,complaint,रूफ टॉप AC,,,,1,40,Medium,train,hi-complaint-0,synthetic_template
LL00542,jo luggage rack aapne lagaya tha wo kharab ho gaya. ye theek nahi hai,hinglish,complaint,luggage rack,,,,0,25,Low,train,hinglish-complaint-0,synthetic_template
LL00019,"hi, can you sare the rate for seat covers? need it for 4 sets.",en,price_query,seat covers,4 sets,,,0,50,Medium,train,en-price_query-1,synthetic_template
LL00632,5 lakh tak personal loan pao 5 minute me. abhi click karo!,hinglish,spam,,,,,0,0,Ignore,val,hinglish-spam-0,synthetic_template
LL01091,बॉडी पेंट चा रेट काय आहे? कृपया कॉल करा.,mr,price_query,बॉडी पेंट,,,,0,35,Low,train,mr-price_query-0,synthetic_template
LL01377,"नमस्कार, इंस्टाग्राम फॉलोअर्स 50k वाढवा, स्वस्त दर. आत्ताच DM करा",mr,spam,,,,,0,0,Ignore,train,mr-spam-2,synthetic_template
LL01089,बॉडी पेंट चा रेट काय आहे? कृपया कॉल करा,mr,price_query,बॉडी पेंट,,,,0,35,Low,train,mr-price_query-0,synthetic_template
LL00164,"ordering full body paint for 20 buses in thane, please confirm the wholesale rate. need this done this month",en,bulk_order,full body paint,20 buses,thane,,1,90,High,train,en-bulk_order-6,synthetic_template
LL01475,"namaskar, pelase pushback seats che quotation pathva. budet rs 50000 aahe",mr_roman,price_query,pushback seats,,,rs 50000,0,45,Medium,train,mr_roman-price_query-2,synthetic_template
LL00751,"नमस्ते, कृपया बस रैप का कोटेशन भेजें। बजट 50 हज़ार है।",hi,price_query,बस रैप,,,50 हज़ार,0,45,Medium,train,hi-price_query-2,synthetic_template
LL01247,"250 नग साठी बॉडी पेंट चा घाऊक दर सांगा, एकूण बजेट ₹50 लाख आहे. धन्यवाद",mr,bulk_order,बॉडी पेंट,250 नग,,₹50 लाख,0,80,High,val,mr-bulk_order-5,synthetic_template
LL01096,भोपाळ मध्ये सीट कव्हर बसवायला किती खर्च येईल? कृपया कॉल करा.,mr,price_query,सीट कव्हर,,भोपाळ,,0,40,Medium,train,mr-price_query-1,synthetic_template
LL01439,"हॅलो सर, फ्री क्रेडिट कार्ड ऑफर, वार्षिक शुल्क नाही. आत्ताच अर्ज करा. धन्यवाद.",mr,spam,,,,,0,0,Ignore,train,mr-spam-9,synthetic_template
LL00179,We are a school in Ahmedabad. Need luggage racks for 40 buses. What is the best price? Please call me,en,bulk_order,luggage racks,40 buses,Ahmedabad,,0,75,High,val,en-bulk_order-7,synthetic_template
LL01786,"tumchya travel vyavsayasathi guaranteed leads mila. limited offer, aajach contcat kara",mr_roman,spam,,,,,0,0,Ignore,val,mr_roman-spam-8,synthetic_template
LL01750,crypto madhe invest kara ani 5 divsat paise dupple kara,mr_roman,spam,,,,,0,0,Ignore,train,mr_roman-spam-4,synthetic_template
LL00184,The pushback seats you installed is already damaged. This is unacceptable. Required by next week. Thanks.,en,complaint,pushback seats,,,,1,40,Medium,train,en-complaint-0,synthetic_template
LL00178,we are a shcool in thane. need sleeper berths for 80 seats. what is the best price? please call me.,en,bulk_order,sleeper berths,80 seats,thane,,0,75,High,val,en-bulk_order-7,synthetic_template
LL01149,तुम्ही ठाणे मध्ये पडदे चे काम करता का? दर सांगा. कृपया कॉल करा,mr,price_query,पडदे,,ठाणे,,0,40,Medium,train,mr-price_query-5,synthetic_template
LL01370,"नमस्कार, इंस्टाग्राम फॉलोअर्स 50k वाढवा, स्वस्त दर. आत्ताच DM करा.",mr,spam,,,,,0,0,Ignore,train,mr-spam-2,synthetic_template
LL00029,How much would vinyl branding cost for 1 bus in Nashik? Please call me,en,price_query,vinyl branding,1 bus,Nashik,,0,55,Medium,train,en-price_query-2,synthetic_template
LL00096,we want to order led lights for 8 buses. please share bulk pricing. required by next week.,en,bulk_order,led lights,8 buses,,,1,85,High,train,en-bulk_order-0,synthetic_template
LL00729,स्लीपर बर्थ का रेट क्या है?,hi,price_query,स्लीपर बर्थ,,,,0,35,Low,train,hi-price_query-0,synthetic_template
LL00337,buy 1 get 1 free on all sarees. visit our store today!,en,spam,,,,,0,0,Ignore,test,en-spam-8,synthetic_template
LL01255,"50 बसेस साठी बॉडी पेंट चा घाऊक दर सांगा, एकूण बजेट 1 कोटी आहे.",mr,bulk_order,बॉडी पेंट,50 बसेस,,1 कोटी,0,80,High,val,mr-bulk_order-5,synthetic_template
LL01676,seat cover ek atthavdyatach band padle. mala refund have khup urgent aahe,mr_roman,complaint,seat cover,,,,1,40,Medium,train,mr_roman-complaint-3,synthetic_template
LL01545,"dada, amhala 50 buses sathi seat cover have aahe. ghau dar kay asel? call kara",mr_roman,bulk_order,seat cover,50 buses,,,0,70,High,train,mr_roman-bulk_order-0,synthetic_template
LL00182,the pvc flooring you installed is allready damaged. this is unacceptable. please reply asap. thank you.,en,complaint,pvc flooring,,,,1,40,Medium,train,en-complaint-0,synthetic_template
LL00394,sir please body paint ka quotation bhej do. budget rs 20000 hai,hinglish,price_query,body paint,,,rs 20000,0,45,Medium,train,hinglish-price_query-2,synthetic_template
LL00651,"instagram followers 10k badhao, sasta rate. DM karo",hinglish,spam,,,,,0,0,Ignore,train,hinglish-spam-2,synthetic_template
LL00326,"dear sir, we are a supplier of cheap led lgihts from china. reply for a catalogue.",en,spam,,,,,0,0,Ignore,val,en-spam-6,synthetic_template
LL00892,"12 बस के लिए CCTV कैमरा का थोक रेट बताइए, कुल बजट 10 लाख है। जल्दी चाहिए।",hi,bulk_order,CCTV कैमरा,12 बस,,10 लाख,1,95,High,train,hi-bulk_order-5,synthetic_template
LL00379,Hyderabad me curtains lagwane ka kitna kharcha aayega?,hinglish,price_query,curtains,,Hyderabad,,0,40,Medium,train,hinglish-price_query-1,synthetic_template
LL01299,"नमस्कार, CCTV कॅमेरा चे फिनिशिंग खूप वाईट आहे, ताबडतोब दुरुस्त करा.",mr,complaint,CCTV कॅमेरा,,,,0,25,Low,train,mr-complaint-2,synthetic_template
LL00612,Aurangabad me meri bus ki deilvery 10 din late hui aur koi phone nahi utha raha,hinglish,complaint,,,Aurangabad,,0,25,Low,train,hinglish-complaint-4,synthetic_template
LL00005,What is the price of bus AC for a bus? Thanks.,en,price_query,bus AC,,,,0,35,Low,train,en-price_query-0,synthetic_template
LL00234,Your team dealyed my bus delivery in Bhopal by 10 days and nboody is answering my calls. Please call me,en,complaint,,,Bhopal,,0,25,Low,test,en-complaint-4,synthetic_template
LL00639,3 lakh tak personal loan pao 15 minute me. abhi click karo!,hinglish,spam,,,,,0,0,Ignore,val,hinglish-spam-0,synthetic_template
LL01769,savra sadyanvar ekavar ek free. aajach dukanat ya,mr_roman,spam,,,,,0,0,Ignore,train,mr_roman-spam-6,synthetic_template
LL00631,1 lakh tak personal loan pao 15 minute me. abhi click karo!,hinglish,spam,,,,,0,0,Ignore,val,hinglish-spam-0,synthetic_template
LL00161,"Ordering music system for 40 buses in Ratnagiri, please confirm the wholesale rate. Thanks",en,bulk_order,music system,40 buses,Ratnagiri,,0,75,High,train,en-bulk_order-6,synthetic_template
LL00265,"Hello sir, Warranty claim for full body paint. It broke after one month.",en,complaint,full body paint,,,,0,25,Low,train,en-complaint-6,synthetic_template
LL00527,"namaste 40 bus ke liye led lights ka wholesale rate batao, total budget 8 lakh",hinglish,bulk_order,led lights,40 bus,,8 lakh,0,80,High,train,hinglish-bulk_order-5,synthetic_template
LL01770,sarva sadyanvar ekavar ek free. aajach dukannat ya,mr_roman,spam,,,,,0,0,Ignore,train,mr_roman-spam-6,synthetic_template
LL01361,अभिनंदन! तुम्ही फ्री iPhone जिंकला आहे. आत्ताच क्लेम करा.,mr,spam,,,,,0,0,Ignore,test,mr-spam-1,synthetic_template
LL00016,Can you shae the rate for vinyl branding? Need it for 3 buses.,en,price_query,vinyl branding,3 buses,,,0,50,Medium,train,en-price_query-1,synthetic_template
LL00810,बॉडी पेंट का प्राइस लिस्ट भेज दीजिए बहुत ज़रूरी है।,hi,price_query,बॉडी पेंट,,,,1,50,Medium,test,hi-price_query-6,synthetic_template
LL01015,"इंस्टाग्राम फॉलोअर्स 10k बढ़ाएं, सस्ते रेट। अभी DM करें।",hi,spam,,,,,0,0,Ignore,train,hi-spam-2,synthetic_template
LL01762,google var pahiilya panachi guarantee asleli SEO seva mila,mr_roman,spam,,,,,0,0,Ignore,test,mr_roman-spam-5,synthetic_template
LL00346,get a loan for your bus business up to 1 lakh with zero documentation. click now!,en,spam,,,,,0,0,Ignore,train,en-spam-9,synthetic_template
LL01086,बस रॅप चा रेट काय आहे?,mr,price_query,बस रॅप,,,,0,35,Low,train,mr-price_query-0,synthetic_template
LL01406,"हॅलो सर, सर्व साड्यांवर एकावर एक फ्री. आजच दुकानात या.",mr,spam,,,,,0,0,Ignore,train,mr-spam-6,synthetic_template
LL00094,"Hi, We want to ordre exterior paint for 8 buses. Please shrae bulk pricing. Please call me.",en,bulk_order,exterior paint,8 buses,,,0,70,High,train,en-bulk_order-0,synthetic_template
LL01254,"120 सीट साठी बस सीट चा घाऊक दर सांगा, एकूण बजेट 8 लाख आहे. धन्यवाद.",mr,bulk_order,बस सीट,120 सीट,,8 लाख,0,80,High,val,mr-bulk_order-5,synthetic_template
LL00121,"Hey, Loooking to refurbish 300 units with anti-skid flooring. Budet ₹10 lakh. When can you start",en,bulk_order,anti-skid flooring,300 units,,₹10 lakh,0,80,High,train,en-bulk_order-2,synthetic_template
LL01134,"मला बस रॅप ची किंमत जाणून घ्यायची आहे, बजेट साधारण 30 हजार.",mr,price_query,बस रॅप,,,30 हजार,0,45,Medium,train,mr-price_query-4,synthetic_template
LL00660,ghar baithe roz 3000 kamao. WhatsApp karo,hinglish,spam,,,,,0,0,Ignore,train,hinglish-spam-3,synthetic_template
LL01245,"सातारा मध्ये डिलिव्हरीसाठी 12 बस मध्ये पडदे हवे, 3 आठवड्यात. कृपया कॉल करा.",mr,bulk_order,पडदे,12 बस,सातारा,,0,75,High,train,mr-bulk_order-4,synthetic_template
LL01269,"हॅलो सर, तुम्ही बसवलेले बॉडी पेंट खराब झाले आहे. हे योग्य नाही.",mr,complaint,बॉडी पेंट,,,,0,25,Low,train,mr-complaint-0,synthetic_template
LL00860,"नमस्ते, हमारे पास 40 बस हैं, सभी में रूफ टॉप AC लगवाना है। कृपया कॉल करें। बहुत ज़रूरी है।",hi,bulk_order,रूफ टॉप AC,40 बस,,,1,85,High,test,hi-bulk_order-3,synthetic_template
LL01148,तुम्ही औरंगाबाद मध्ये रूफ टॉप AC चे काम करता का? दर सांगा,mr,price_query,रूफ टॉप AC,,औरंगाबाद,,0,40,Medium,train,mr-price_query-5,synthetic_template
LL00462,bhai hume 10 bus ke liye sleeper berth chahiye. bulk me kya rate milega? aaj hi baat karni hai,hinglish,bulk_order,sleeper berth,10 bus,,,1,85,High,train,hinglish-bulk_order-0,synthetic_template
LL00186,"good morning, the sleeper berths you installed is already damaged. this is unacceptable.",en,complaint,sleeper berths,,,,0,25,Low,train,en-complaint-0,synthetic_template
LL01382,घरबसल्या रोज 5000 कमवा. WhatsApp करा,mr,spam,,,,,0,0,Ignore,train,mr-spam-3,synthetic_template
LL00072,What would it cost to get ceiling panels done on my bus? I'm in Ahmedabad. Thank you.,en,price_query,ceiling panels,,Ahmedabad,,0,40,Medium,train,en-price_query-7,synthetic_template
LL01594,"panvel madhe delivery sathi 30 bus madhe luggage rack have, 3 athavdyat",mr_roman,bulk_order,luggage rack,30 bus,panvel,,0,75,High,test,mr_roman-bulk_order-4,synthetic_template
LL01665,"bus wrap che finishing khup vait aahe, tatkal durust kara lavkar have aahe",mr_roman,complaint,bus wrap,,,,1,40,Medium,test,mr_roman-complaint-2,synthetic_template
LL01152,"नमस्कार, तुम्ही पुणे मध्ये पुशबॅक सीट चे काम करता का? दर सांगा. खूप अर्जंट आहे.",mr,price_query,पुशबॅक सीट,,पुणे,,1,55,Medium,train,mr-price_query-5,synthetic_template
LL00981,"वारंटी में बॉडी पेंट बदलवाना है, एक महीने में टूट गया। धन्यवाद।",hi,complaint,बॉडी पेंट,,,,0,25,Low,train,hi-complaint-5,synthetic_template
LL00787,क्या आप रत्नागिरी में सीट कवर का काम करते हैं? रेट बताइए।,hi,price_query,सीट कवर,,रत्नागिरी,,0,40,Medium,train,hi-price_query-5,synthetic_template
LL01213,"150 नग चा बल्क ऑर्डर द्यायचा आहे, LED लाईट हवे. बजेट ₹25 लाख. लवकर हवे आहे.",mr,bulk_order,LED लाईट,150 नग,,₹25 लाख,1,95,High,train,mr-bulk_order-2,synthetic_template
LL00198,I paid for roof-top AC but the work is still incomplete aftr 2 weeks,en,complaint,roof-top AC,,,,0,25,Low,train,en-complaint-1,synthetic_template
LL00340,Buy 1 get 1 free on all sarees. Visit our store today!,en,spam,,,,,0,0,Ignore,test,en-spam-8,synthetic_template
LL00885,"नमस्ते, नाशिक डिलीवरी के लिए 10 बसों में स्लीपर बर्थ चाहिए, 3 हफ्ते में। बहुत ज़रूरी है। धन्यवाद।",hi,bulk_order,स्लीपर बर्थ,10 बसों,नाशिक,,1,90,High,train,hi-bulk_order-4,synthetic_template
LL00497,"hello sir hamare paas 40 buses hai, sabme cctv camera lagwana hai. please call karo",hinglish,bulk_order,cctv camera,40 buses,,,0,70,High,val,hinglish-bulk_order-3,synthetic_template
LL01542,amhala 150 nag sathi cctv camera have aahe. ghau dar kay asel?,mr_roman,bulk_order,cctv camera,150 nag,,,0,70,High,train,mr_roman-bulk_order-0,synthetic_template
LL00896,"120 सेट के लिए बस रैप का थोक रेट बताइए, कुल बजट ₹25 लाख है।",hi,bulk_order,बस रैप,120 सेट,,₹25 लाख,0,80,High,train,hi-bulk_order-5,synthetic_template
LL01566,"namaskar, bulk order dyaycha aahe 12 bus cha, CCTV camera have. budget 8 lakh",mr_roman,bulk_order,CCTV camera,12 bus,,8 lakh,0,80,High,val,mr_roman-bulk_order-2,synthetic_template
LL00042,"hello sir, do you install reclining seats in belgaum? what's the cost? please reply asap.",en,price_query,reclining seats,,belgaum,,1,55,Medium,train,en-price_query-4,synthetic_template
LL00827,"नमस्ते, मेरी ट्रैवल कंपनी सूरत में है, 60 सीट में रूफ टॉप AC लगवाना है। कितना डिस्काउंट मिलेगा? आज ही बात करनी है।",hi,bulk_order,रूफ टॉप AC,60 सीट,सूरत,,1,90,High,train,hi-bulk_order-1,synthetic_template
LL01266,तुम्ही बसवलेले फ्लोअरिंग खराब झाले आहे. हे योग्य नाही. आजच बोलायचे आहे.,mr,complaint,फ्लोअरिंग,,,,1,40,Medium,train,mr-complaint-0,synthetic_template
LL00511,"surat deliivery ke liye 5 bus me bus seats chahiye, 3 weeeks me aaj hi baat karni hai",hinglish,bulk_order,bus seats,5 bus,surat,,1,90,High,train,hinglish-bulk_order-4,synthetic_template
LL00927,"हेलो सर, मैंने स्लीपर बर्थ के पैसे दे दिए, लेकिन काम अभी तक अधूरा है। आज ही बात करनी है।",hi,complaint,स्लीपर बर्थ,,,,1,40,Medium,val,hi-complaint-1,synthetic_template
LL00117,Looking to refurbish 200 units with exterior wrap. Budget 1 crore. When can you start? Please reply asap.,en,bulk_order,exterior wrap,200 units,,1 crore,1,95,High,train,en-bulk_order-2,synthetic_template
LL01722,abhinandan! tumhi free iPhone jinkla aahe. aatach claim kara thanks,mr_roman,spam,,,,,0,0,Ignore,val,mr_roman-spam-1,synthetic_template
LL01378,घरबसल्या रोज 10000 कमवा. WhatsApp करा.,mr,spam,,,,,0,0,Ignore,train,mr-spam-3,synthetic_template
LL01348,"वॉरंटीमध्ये सीलिंग पॅनल बदलून हवे आहे, एका महिन्यात तुटले.",mr,complaint,सीलिंग पॅनल,,,,0,25,Low,val,mr-complaint-5,synthetic_template
LL00551,jo ceiling panel aapne lagaya tha wo khrab ho gaya. ye theek nahi hai,hinglish,complaint,ceiling panel,,,,0,25,Low,train,hinglish-complaint-0,synthetic_template
LL00523,"sir belgaum delivery ke liye 50 bus me ceiling panel chahiye, 3 weeks me jaldi reply karo",hinglish,bulk_order,ceiling panel,50 bus,belgaum,,1,90,High,train,hinglish-bulk_order-4,synthetic_template
LL01484,1 nag sathi luggage rack chi kimmat sanga aajach bolaycha aahe,mr_roman,price_query,luggage rack,1 nag,,,1,65,Medium,train,mr_roman-price_query-3,synthetic_template
LL01225,"आमच्याकडे 12 बसेस आहेत, सर्वांमध्ये LED लाईट बसवायचे आहे. कृपया कॉल करा.",mr,bulk_order,LED लाईट,12 बसेस,,,0,70,High,test,mr-bulk_order-3,synthetic_template
LL01752,crypto madhe invest kara ani 3 divsat paise dupple kara,mr_roman,spam,,,,,0,0,Ignore,train,mr_roman-spam-4,synthetic_template
LL00829,"हेलो सर, मेरी ट्रैवल कंपनी इंदौर में है, 100 पीस में रूफ टॉप AC लगवाना है। कितना डिस्काउंट मिलेगा",hi,bulk_order,रूफ टॉप AC,100 पीस,इंदौर,,0,75,High,train,hi-bulk_order-1,synthetic_template
LL00643,hi congratulations! aapne free iphone jeeta hai. abhi claim karo,hinglish,spam,,,,,0,0,Ignore,train,hinglish-spam-1,synthetic_template
LL00120,"Hey, Looking to refurbish 120 seats with bus seats. Budget ₹10 lakh. When can you start? Need this done this month",en,bulk_order,bus seats,120 seats,,₹10 lakh,1,95,High,train,en-bulk_order-2,synthetic_template
LL00602,surat me meri bus ki delivery 10 din late hui aur koi phone nahi utha raha,hinglish,complaint,,,surat,,0,25,Low,train,hinglish-complaint-4,synthetic_template
LL01039,"हेलो सर, गूगल पर पहले पेज की गारंटी के साथ SEO सर्विस पाएं।",hi,spam,,,,,0,0,Ignore,train,hi-spam-5,synthetic_template
LL00040,Please send a quuotation for bus wrap. Budgt is around Rs 2 lakh.,en,price_query,bus wrap,,,Rs 2 lakh,0,45,Medium,test,en-price_query-3,synthetic_template
LL00231,"Hey, bus seats stopped working wihtin a week. I want a refund. Please call me.",en,complaint,bus seats,,,,0,25,Low,train,en-complaint-3,synthetic_template
LL00866,"हमारे पास 25 बसों हैं, सभी में सीट कवर लगवाना है। कृपया कॉल करें। धन्यवाद।",hi,bulk_order,सीट कवर,25 बसों,,,0,70,High,test,hi-bulk_order-3,synthetic_template
LL01140,"मला बॉडी पेंट ची किंमत जाणून घ्यायची आहे, बजेट साधारण 40000 रुपये. धन्यवाद.",mr,price_query,बॉडी पेंट,,,40000 रुपये,0,45,Medium,train,mr-price_query-4,synthetic_template
LL00777,"मुझे सीट कवर की कीमत जाननी है, बजट लगभग 1 लाख है। जल्दी चाहिए।",hi,price_query,सीट कवर,,,1 लाख,1,60,Medium,val,hi-price_query-4,synthetic_template
LL00043,Do you install pushback seats in Hyderabad? What's the cost? Need this done this month,en,price_query,pushback seats,,Hyderabad,,1,55,Medium,train,en-price_query-4,synthetic_template
LL01419,"तुमच्या बस व्यवसायासाठी 3 लाखांपर्यंत कर्ज मिळवा, कागदपत्रे नाहीत. आत्ताच क्लिक करा!",mr,spam,,,,,0,0,Ignore,train,mr-spam-7,synthetic_template
LL00799,बस सीट का प्राइस लिस्ट भेज दीजिए कृपया कॉल करें।,hi,price_query,बस सीट,,,,0,35,Low,test,hi-price_query-6,synthetic_template
LL00229,bus seats stopped working within a week. I want a refund. Required by next week,en,complaint,bus seats,,,,1,40,Medium,train,en-complaint-3,synthetic_template
LL00847,"नमस्ते, 20 बसों का बल्क ऑर्डर देना है, लगेज रैक चाहिए। बजट ₹50 लाख।",hi,bulk_order,लगेज रैक,20 बसों,,₹50 लाख,0,80,High,train,hi-bulk_order-2,synthetic_template
LL00087,"Quote for 4 units with LED lights, budget ₹30,000",en,price_query,LED lights,4 units,,"₹30,000",0,60,Medium,train,en-price_query-8,synthetic_template
LL01002,"नमस्ते, बधाई हो! आपने फ्री iPhone जीता है। अभी क्लेम करें।",hi,spam,,,,,0,0,Ignore,train,hi-spam-1,synthetic_template
LL00610,hello sir Nashik me meri bus ki delivery 10 din late hui aur koi phnoe nahi utha raha,hinglish,complaint,,,Nashik,,0,25,Low,train,hinglish-complaint-4,synthetic_template
LL00846,"150 पीस का बल्क ऑर्डर देना है, म्यूजिक सिस्टम चाहिए। बजट 50 लाख। अगले हफ्ते तक चाहिए।",hi,bulk_order,म्यूजिक सिस्टम,150 पीस,,50 लाख,1,95,High,train,hi-bulk_order-2,synthetic_template
LL00570,maien cctv camera ke paise de diye lekni kaam abhi tak adhura hai agle hafte tak chahiye call karna,hinglish,complaint,cctv camera,,,,1,40,Medium,train,hinglish-complaint-1,synthetic_template
LL00575,"hello sir seat cover ki finishing bahut kharab hai, turant theek karo thanks",hinglish,complaint,seat cover,,,,0,25,Low,train,hinglish-complaint-2,synthetic_template
LL01620,"12 buses sathi padde cha ghau dar sanga, ekun budget Rs 10 lakh aahe",mr_roman,bulk_order,padde,12 buses,,Rs 10 lakh,0,80,High,train,mr_roman-bulk_order-5,synthetic_template
LL01731,"namaskar, instagram followers 5k vadhva, swasta dar. DM kara call kara",mr_roman,spam,,,,,0,0,Ignore,train,mr_roman-spam-2,synthetic_template
LL00912,आपने जो CCTV कैमरा लगाया था वो खराब हो गया है। यह ठीक नहीं है। आज ही बात करनी है।,hi,complaint,CCTV कैमरा,,,,1,40,Medium,train,hi-complaint-0,synthetic_template
LL00804,सीलिंग पैनल का प्राइस लिस्ट भेज दीजिए,hi,price_query,सीलिंग पैनल,,,,0,35,Low,test,hi-price_query-6,synthetic_template
LL00929,"मैंने स्लीपर बर्थ के पैसे दे दिए, लेकिन काम अभी तक अधूरा है।",hi,complaint,स्लीपर बर्थ,,,,0,25,Low,val,hi-complaint-1,synthetic_template
LL00449,sir sir ceiling panel kine ka padega 1 bus me,hinglish,price_query,ceiling panel,1 bus,,,0,50,Medium,test,hinglish-price_query-7,synthetic_template
LL01733,"instagram followers 50k vadhva, swasta dar. DM kara",mr_roman,spam,,,,,0,0,Ignore,train,mr_roman-spam-2,synthetic_template
LL00576,"seat cover ki finishing bahut kharab hai, turant theek karo",hinglish,complaint,seat cover,,,,0,25,Low,train,hinglish-complaint-2,synthetic_template
LL01232,"नमस्कार, अहमदाबाद मध्ये डिलिव्हरीसाठी 20 बस मध्ये रूफ टॉप AC हवे, 3 आठवड्यात.",mr,bulk_order,रूफ टॉप AC,20 बस,अहमदाबाद,,0,75,High,train,mr-bulk_order-4,synthetic_template
LL00465,hume 8 buses ke liye led lights chahiye. bulk me kya rate milega? thanks,hinglish,bulk_order,led lights,8 buses,,,0,70,High,train,hinglish-bulk_order-0,synthetic_template
LL01387,क्रिप्टोमध्ये गुंतवणूक करा आणि 3 दिवसांत पैसे दुप्पट करा.,mr,spam,,,,,0,0,Ignore,train,mr-spam-4,synthetic_template
LL01556,"majhi traveels company Pune mdhe aahe, 80 seats mahde bus seats basvayycha aahe. kiti sut milel? lavkar have aahe call kara",mr_roman,bulk_order,bus seats,80 seats,Pune,,1,90,High,train,mr_roman-bulk_order-1,synthetic_template
LL00536,"bhai 30 bus ke liye led lights ka wholesale rate batao, total budget 15 lakh agle hafte tak chahiye thanks",hinglish,bulk_order,led lights,30 bus,,15 lakh,1,95,High,train,hinglish-bulk_order-5,synthetic_template
LL00079,What would it cost to get PVC flooring done on my bus? I'm in Navi Mumbai.,en,price_query,PVC flooring,,Navi Mumbai,,0,40,Medium,train,en-price_query-7,synthetic_template
LL01194,"माझी ट्रॅव्हल कंपनी पुणे मध्ये आहे, 200 नग मध्ये LED लाईट बसवायचे आहे. किती सूट मिळेल?",mr,bulk_order,LED लाईट,200 नग,पुणे,,0,75,High,train,mr-bulk_order-1,synthetic_template
LL01332,नवी मुंबई मध्ये माझ्या बसची डिलिव्हरी 10 दिवस उशिरा झाली आणि कोणी फोन उचलत नाही,mr,complaint,,,नवी मुंबई,,0,25,Low,train,mr-complaint-4,synthetic_template
LL01168,सीट कव्हर ची प्राईस लिस्ट पाठवा कृपया कॉल करा.,mr,price_query,सीट कव्हर,,,,0,35,Low,train,mr-price_query-6,synthetic_template
LL00134,Bulk order: 25 buses need luggage racks. Delivvery to Thane in 3 weeks. Required by next week.,en,bulk_order,luggage racks,25 buses,Thane,,1,90,High,test,en-bulk_order-3,synthetic_template
LL01376,"इंस्टाग्राम फॉलोअर्स 50k वाढवा, स्वस्त दर. आत्ताच DM करा",mr,spam,,,,,0,0,Ignore,train,mr-spam-2,synthetic_template
LL00686,sabhi sarees pe 1 ke sath 1 free. aaj hi dukaan aao,hinglish,spam,,,,,0,0,Ignore,train,hinglish-spam-6,synthetic_template
LL01110,"नमस्कार, कृपया बॉडी पेंट चे कोटेशन पाठवा. बजेट 3 लाख आहे.",mr,price_query,बॉडी पेंट,,,3 लाख,0,45,Medium,test,mr-price_query-2,synthetic_template
LL01371,"हॅलो सर, इंस्टाग्राम फॉलोअर्स 50k वाढवा, स्वस्त दर. आत्ताच DM करा. कृपया कॉल करा.",mr,spam,,,,,0,0,Ignore,train,mr-spam-2,synthetic_template
LL00131,"Good morning, Bulk order: 40 buses need seat covers. Delivery to Ahmedabad in 3 weeks. Required by next week.",en,bulk_order,seat covers,40 buses,Ahmedabad,,1,90,High,test,en-bulk_order-3,synthetic_template
LL01633,"namaskar, tumhi basvlele pushback seats kharab zale aahe. he barobar nahi lavkar have aahe",mr_roman,complaint,pushback seats,,,,1,40,Medium,train,mr_roman-complaint-0,synthetic_template
LL00484,"bulk oredr dena hai 15 bus ka, pushback seats chahiye. bdget Rs 5 lakh agle hafte tak chahiye",hinglish,bulk_order,pushback seats,15 bus,,Rs 5 lakh,1,95,High,train,hinglish-bulk_order-2,synthetic_template
LL00049,do you insall ceiling panels in belgaum? what's the cost? need it urgently,en,price_query,ceiling panels,,belgaum,,1,55,Medium,train,en-price_query-4,synthetic_template
LL00137,"hi, our fleet of 50 buses needs cctv cameras. can we schedule a visit to sangli?",en,bulk_order,cctv cameras,50 buses,sangli,,0,75,High,train,en-bulk_order-4,synthetic_template
LL00311,earn 2000 per day working from home. whatsapp us.,en,spam,,,,,0,0,Ignore,train,en-spam-4,synthetic_template
LL01263,तुम्ही बसवलेले पुशबॅक सीट खराब झाले आहे. हे योग्य नाही. खूप अर्जंट आहे.,mr,complaint,पुशबॅक सीट,,,,1,40,Medium,train,mr-complaint-0,synthetic_template
LL00342,Buy 1 get 1 free on all sarees. Visit our store today! Thank you.,en,spam,,,,,0,0,Ignore,test,en-spam-8,synthetic_template
LL00376,Sangli me pushback seats lagwane ka kitna kharcha aayega,hinglish,price_query,pushback seats,,Sangli,,0,40,Medium,train,hinglish-price_query-1,synthetic_template
LL00979,"वारंटी में CCTV कैमरा बदलवाना है, एक महीने में टूट गया।",hi,complaint,CCTV कैमरा,,,,0,25,Low,train,hi-complaint-5,synthetic_template
LL01756,google var pahilya panachi guarantee asleli SEO seva mila,mr_roman,spam,,,,,0,0,Ignore,test,mr_roman-spam-5,synthetic_template
LL00125,"Good morning, Looking to refurbissh 5 buses with ceiling panels. Budegt 1 crore. When can you start?",en,bulk_order,ceiling panels,5 buses,,1 crore,0,80,High,train,en-bulk_order-2,synthetic_template
LL00205,i paid for exterior wrap but the work is still incomplete after 2 weeks,en,complaint,exterior wrap,,,,0,25,Low,train,en-complaint-1,synthetic_template
LL01326,इंदूर मध्ये माझ्या बसची डिलिव्हरी 10 दिवस उशिरा झाली आणि कोणी फोन उचलत नाही. कृपया कॉल करा.,mr,complaint,,,इंदूर,,0,25,Low,train,mr-complaint-4,synthetic_template
LL01126,4 सीट साठी पडदे ची किंमत सांगा.,mr,price_query,पडदे,4 सीट,,,0,50,Medium,val,mr-price_query-3,synthetic_template
LL00013,can you share the rate for window curtains? need it for 2 buses.,en,price_query,window curtains,2 buses,,,0,50,Medium,train,en-price_query-1,synthetic_template
LL00601,namaste bhopal me meri bus ki delivery 10 din late hui aur koi phone nahi utha raha,hinglish,complaint,,,bhopal,,0,25,Low,train,hinglish-complaint-4,synthetic_template
LL00002,What is the price of bus wrap for a bus,en,price_query,bus wrap,,,,0,35,Low,train,en-price_query-0,synthetic_template
LL01116,कृपया बस रॅप चे कोटेशन पाठवा. बजेट 50000 रुपये आहे.,mr,price_query,बस रॅप,,,50000 रुपये,0,45,Medium,test,mr-price_query-2,synthetic_template
LL00759,"हेलो सर, कृपया बस रैप का कोटेशन भेजें। बजट ₹40,000 है।",hi,price_query,बस रैप,,,"₹40,000",0,45,Medium,train,hi-price_query-2,synthetic_template
LL01317,सीलिंग पॅनल एका आठवड्यातच बंद पडले. मला रिफंड हवा आहे.,mr,complaint,सीलिंग पॅनल,,,,0,25,Low,train,mr-complaint-3,synthetic_template
LL00702,"bus business ke liye 10 lakh tak loan pao, koi documents nahi. abhi click karo",hinglish,spam,,,,,0,0,Ignore,train,hinglish-spam-7,synthetic_template
LL01708,"warranty madeh body paint badlun hava aahe, ek mahinyat tuttle lavkar have aahe",mr_roman,complaint,body paint,,,,1,40,Medium,val,mr_roman-complaint-5,synthetic_template
LL00370,bhai cctv camera ka rate kya hai? call karna,hinglish,price_query,cctv camera,,,,0,35,Low,train,hinglish-price_query-0,synthetic_template
LL00422,kya aap Nagpur me pushback seats ka kaam karte ho? rate batao,hinglish,price_query,pushback seats,,Nagpur,,0,40,Medium,train,hinglish-price_query-5,synthetic_template
LL00045,do you install full body paint in vasai? what's the cost?,en,price_query,full body paint,,vasai,,0,40,Medium,train,en-price_query-4,synthetic_template
LL00107,"Good morning, I run a travel commpany in Pune and need window curtains for 120 seats. What dscount can you offer",en,bulk_order,window curtains,120 seats,Pune,,0,75,High,train,en-bulk_order-1,synthetic_template
LL01647,mi flooring che paise dile pan kaam ajun apurna aahe call kara,mr_roman,complaint,flooring,,,,0,25,Low,train,mr_roman-complaint-1,synthetic_template
LL00313,Invest in crypto and double your money in 10 days,en,spam,,,,,0,0,Ignore,train,en-spam-5,synthetic_template
LL00697,"bus business ke liye 3 lakh tak loan pao, koi documents nahi. abhi click karo",hinglish,spam,,,,,0,0,Ignore,train,hinglish-spam-7,synthetic_template
LL01074,"फ्री क्रेडिट कार्ड ऑफर, कोई वार्षिक शुल्क नहीं। अभी अप्लाई करें। कृपया कॉल करें।",hi,spam,,,,,0,0,Ignore,train,hi-spam-9,synthetic_template
LL01568,"bulk order dyaycha aahe 40 bus cha, luggage rack have. budget 50 lakh rupaye",mr_roman,bulk_order,luggage rack,40 bus,,50 lakh rupaye,0,80,High,val,mr_roman-bulk_order-2,synthetic_template
LL01509,"namaskar, tumhi Bengaluru madhe music system che kaam karta ka? dar sanga dhanyavad",mr_roman,price_query,music system,,Bengaluru,,0,40,Medium,train,mr_roman-price_query-5,synthetic_template
LL00817,"नमस्ते, हमें 40 बस के लिए LED लाइट चाहिए। थोक में क्या रेट मिलेगा? कृपया कॉल करें।",hi,bulk_order,LED लाइट,40 बस,,,0,70,High,val,hi-bulk_order-0,synthetic_template
LL00992,10 लाख तक का पर्सनल लोन 5 मिनट में पाएं। अभी क्लिक करें!,hi,spam,,,,,0,0,Ignore,train,hi-spam-0,synthetic_template
LL00193,"hey, the roof-top ac you installed is aleady damaged. this is unacceptable. required by next week",en,complaint,roof-top ac,,,,1,40,Medium,train,en-complaint-0,synthetic_template
LL01289,"हॅलो सर, मी बस रॅप चे पैसे दिले, पण काम अजून अपूर्ण आहे. कृपया कॉल करा.",mr,complaint,बस रॅप,,,,0,25,Low,test,mr-complaint-1,synthetic_template
LL00862,"नमस्ते, हमारे पास 20 बसों हैं, सभी में पुशबैक सीट लगवाना है। कृपया कॉल करें।",hi,bulk_order,पुशबैक सीट,20 बसों,,,0,70,High,test,hi-bulk_order-3,synthetic_template
LL00132,bulk order: 200 seats need window curtains. deliveyr to nashik in 3 weeks,en,bulk_order,window curtains,200 seats,nashik,,0,75,High,test,en-bulk_order-3,synthetic_template
LL00215,"hi, very poor finish on the luggage racks. please fix it immediately. need it urgently.",en,complaint,luggage racks,,,,1,40,Medium,train,en-complaint-2,synthetic_template
LL01237,"वसई मध्ये डिलिव्हरीसाठी 15 बसेस मध्ये सीलिंग पॅनल हवे, 3 आठवड्यात. कृपया कॉल करा.",mr,bulk_order,सीलिंग पॅनल,15 बसेस,वसई,,0,75,High,train,mr-bulk_order-4,synthetic_template
LL01771,sarva sadyanvr ekavar ek free. aajach dukanat ya,mr_roman,spam,,,,,0,0,Ignore,train,mr_roman-spam-6,synthetic_template
LL00588,luggage rack ek hafte me hi band ho gaya. mujhe refund chahiye,hinglish,complaint,luggage rack,,,,0,25,Low,val,hinglish-complaint-3,synthetic_template
LL00622,"warranty me flooring change karwana hai, ek mahine me toot gaya",hinglish,complaint,flooring,,,,0,25,Low,test,hinglish-complaint-5,synthetic_template
LL01203,"हॅलो सर, 20 बस चा बल्क ऑर्डर द्यायचा आहे, लगेज रॅक हवे. बजेट 25 लाख. पुढच्या आठवड्यापर्यंत हवे.",mr,bulk_order,लगेज रॅक,20 बस,,25 लाख,1,95,High,train,mr-bulk_order-2,synthetic_template
LL01298,"रूफ टॉप AC चे फिनिशिंग खूप वाईट आहे, ताबडतोब दुरुस्त करा.",mr,complaint,रूफ टॉप AC,,,,0,25,Low,train,mr-complaint-2,synthetic_template
LL01800,"free credit card offer, annual fee nahi. aataach apply kara",mr_roman,spam,,,,,0,0,Ignore,train,mr_roman-spam-9,synthetic_template
LL00189,The bus wrap you installed is already damaged. This is unacceptable. Thanks,en,complaint,bus wrap,,,,0,25,Low,train,en-complaint-0,synthetic_template
LL01413,"नमस्कार, सर्व साड्यांवर एकावर एक फ्री. आजच दुकानात या.",mr,spam,,,,,0,0,Ignore,train,mr-spam-6,synthetic_template
LL00457,hume 120 sets ke liye flooring chahiye. bulk me kya rate milega? jaldi reply karo,hinglish,bulk_order,flooring,120 sets,,,1,85,High,train,hinglish-bulk_order-0,synthetic_template
LL00661,ghar baithe roz 5000 kamao. WhatsApp karo,hinglish,spam,,,,,0,0,Ignore,train,hinglish-spam-3,synthetic_template
LL01767,sarva sadyanvar ekavvar ek free. aajach dukanat ya,mr_roman,spam,,,,,0,0,Ignore,train,mr_roman-spam-6,synthetic_template
LL00564,maine roof top ac ke paise de diye lekin kaam abhi tak adhura hai,hinglish,complaint,roof top ac,,,,0,25,Low,train,hinglish-complaint-1,synthetic_template
LL01001,"हेलो सर, बधाई हो! आपने फ्री iPhone जीता है। अभी क्लेम करें।",hi,spam,,,,,0,0,Ignore,train,hi-spam-1,synthetic_template
LL00704,"apne travel business ke liye guaranteed leads pao. limited offer, aaj hi contact karo",hinglish,spam,,,,,0,0,Ignore,train,hinglish-spam-8,synthetic_template
LL00433,luggage rack ki price list bhejo thanks,hinglish,price_query,luggage rack,,,,0,35,Low,train,hinglish-price_query-6,synthetic_template
LL00269,Warranty caim for sleeper berths. It brroke after one month.,en,complaint,sleeper berths,,,,0,25,Low,train,en-complaint-6,synthetic_template
LL01176,आम्हाला 15 बस साठी LED लाईट हवे आहे. घाऊक दर काय असेल,mr,bulk_order,LED लाईट,15 बस,,,0,70,High,train,mr-bulk_order-0,synthetic_template
LL00795,क्या आप भोपाल में बॉडी पेंट का काम करते हैं? रेट बताइए।,hi,price_query,बॉडी पेंट,,भोपाल,,0,40,Medium,train,hi-price_query-5,synthetic_template
LL00047,"hey, do you install music system in sangli? what's the cost? thank you",en,price_query,music system,,sangli,,0,40,Medium,train,en-price_query-4,synthetic_template
LL00996,1 लाख तक का पर्सनल लोन 10 मिनट में पाएं। अभी क्लिक करें!,hi,spam,,,,,0,0,Ignore,train,hi-spam-0,synthetic_template
LL00681,google pe fist page guarantee wali SEO service lo,hinglish,spam,,,,,0,0,Ignore,test,hinglish-spam-5,synthetic_template
LL01264,"हॅलो सर, तुम्ही बसवलेले CCTV कॅमेरा खराब झाले आहे. हे योग्य नाही",mr,complaint,CCTV कॅमेरा,,,,0,25,Low,train,mr-complaint-0,synthetic_template
LL00025,How much would music system cost for 1 bus in Kolhapur,en,price_query,music system,1 bus,Kolhapur,,0,55,Medium,train,en-price_query-2,synthetic_template
LL00259,Warranty claim for LED lights. It broke after one month. Need this done this month. Please call me.,en,complaint,LED lights,,,,1,40,Medium,train,en-complaint-6,synthetic_template
LL00078,"hey, what would it cost to get bus ac done on my bus? i'm in surat. thank you.",en,price_query,bus ac,,surat,,0,40,Medium,train,en-price_query-7,synthetic_template
LL01463,"namaskar, Bengaluru madhe LED lights basvayla kiti kharch yeil? thanks",mr_roman,price_query,LED lights,,Bengaluru,,0,40,Medium,val,mr_roman-price_query-1,synthetic_template
LL01305,"म्युझिक सिस्टीम चे फिनिशिंग खूप वाईट आहे, ताबडतोब दुरुस्त करा. लवकर हवे आहे.",mr,complaint,म्युझिक सिस्टीम,,,,1,40,Medium,train,mr-complaint-2,synthetic_template
LL00513,"hello sir Thane delivery ke liye 15 buses me body paint chahiye, 3 weeks me",hinglish,bulk_order,body paint,15 buses,Thane,,0,75,High,train,hinglish-bulk_order-4,synthetic_template
LL00070,"rate for seat covers, my budget is ₹40,000",en,price_query,seat covers,,,"₹40,000",0,45,Medium,val,en-price_query-6,synthetic_template
LL01570,"bulk order dyaycha aahe 12 buses cha, padde have. budget 1 koti call kara",mr_roman,bulk_order,padde,12 buses,,1 koti,0,80,High,val,mr_roman-bulk_order-2,synthetic_template
LL00046,Do you install PVC flooring in Nanded? What's the cost?,en,price_query,PVC flooring,,Nanded,,0,40,Medium,train,en-price_query-4,synthetic_template
LL00039,Please send a quotaion for window curtains. Budget is aroound 1.5 lakh.,en,price_query,window curtains,,,1.5 lakh,0,45,Medium,test,en-price_query-3,synthetic_template
LL00095,we want to order window curtains for 5 buses. please share bulk pricing. need this done this month.,en,bulk_order,window curtains,5 buses,,,1,85,High,train,en-bulk_order-0,synthetic_template
LL01283,"मी बस रॅप चे पैसे दिले, पण काम अजून अपूर्ण आहे",mr,complaint,बस रॅप,,,,0,25,Low,test,mr-complaint-1,synthetic_template
LL00561,maine music system ke paise de diye lekin kaam abhi tak adhura hai call karna,hinglish,complaint,music system,,,,0,25,Low,train,hinglish-complaint-1,synthetic_template
LL01025,घर बैठे रोज़ 2000 कमाएं। WhatsApp करें। कृपया कॉल करें।,hi,spam,,,,,0,0,Ignore,train,hi-spam-3,synthetic_template
LL00428,kya aap Pune me ceiling panel ka kaam karte ho? rate batao,hinglish,price_query,ceiling panel,,Pune,,0,40,Medium,train,hinglish-price_query-5,synthetic_template
LL01135,"मला सीट कव्हर ची किंमत जाणून घ्यायची आहे, बजेट साधारण 40000 रुपये. लवकर हवे आहे",mr,price_query,सीट कव्हर,,,40000 रुपये,1,60,Medium,train,mr-price_query-4,synthetic_template
LL00934,"नमस्ते, सीट कवर की फिनिशिंग बहुत खराब है, तुरंत ठीक करवाइए।",hi,complaint,सीट कवर,,,,0,25,Low,test,hi-complaint-2,synthetic_template
LL00522,"sir Pune delivery ke liye 5 buses me music system chahiye, 3 weeks me",hinglish,bulk_order,music system,5 buses,Pune,,0,75,High,train,hinglish-bulk_order-4,synthetic_template
LL00098,"hey, we want to order seat covers for 20 buses. please share bulk pricing.",en,bulk_order,seat covers,20 buses,,,0,70,High,train,en-bulk_order-0,synthetic_template
LL00546,bhai jo pushback seats aaapne lagaya tha wo kharab ho gaya. ye theek nahi hai,hinglish,complaint,pushback seats,,,,0,25,Low,train,hinglish-complaint-0,synthetic_template
LL00843,"25 बस का बल्क ऑर्डर देना है, पर्दे चाहिए। बजट 1 करोड़। आज ही बात करनी है।",hi,bulk_order,पर्दे,25 बस,,1 करोड़,1,95,High,train,hi-bulk_order-2,synthetic_template
LL00028,"hello sir, how much would exterior wrap cost for 45 units in ratnagiri? required by next week.",en,price_query,exterior wrap,45 units,ratnagiri,,1,70,High,train,en-price_query-2,synthetic_template
LL01740,gharbasalya roj 2000 kamva. WhatsApp kara,mr_roman,spam,,,,,0,0,Ignore,train,mr_roman-spam-3,synthetic_template
LL01609,"5 buses sathi flooring cha ghau dar sanga, ekun budget rs 8 lakh aahe",mr_roman,bulk_order,flooring,5 buses,,rs 8 lakh,0,80,High,train,mr_roman-bulk_order-5,synthetic_template
LL01588,"amchyaakde 30 buses aahet, savramadhe padde basvayccha aahe. please call kara",mr_roman,bulk_order,padde,30 buses,,,0,70,High,train,mr_roman-bulk_order-3,synthetic_template
LL01489,2 buses sathi LED lights chi kimmat sanga aajach bolaycha aahe,mr_roman,price_query,LED lights,2 buses,,,1,65,Medium,train,mr_roman-price_query-3,synthetic_template
LL00915,"नमस्ते, आपने जो पुशबैक सीट लगाया था वो खराब हो गया है। यह ठीक नहीं है।",hi,complaint,पुशबैक सीट,,,,0,25,Low,train,hi-complaint-0,synthetic_template
LL00056,"hey, price list for vinyl branding please thanks.",en,price_query,vinyl branding,,,,0,35,Low,train,en-price_query-5,synthetic_template
LL01273,"हॅलो सर, तुम्ही बसवलेले म्युझिक सिस्टीम खराब झाले आहे. हे योग्य नाही.",mr,complaint,म्युझिक सिस्टीम,,,,0,25,Low,train,mr-complaint-0,synthetic_template
LL01460,"dada, Surat madhe music system basvayla kiti kharch yeil? dhanyavad",mr_roman,price_query,music system,,Surat,,0,40,Medium,val,mr_roman-price_query-1,synthetic_template
LL00413,"namaste muhe bus wrap ki price janni hai, budget aronud rs 1 lakh",hinglish,price_query,bus wrap,,,rs 1 lakh,0,45,Medium,val,hinglish-price_query-4,synthetic_template
LL01026,"हेलो सर, घर बैठे रोज़ 3000 कमाएं। WhatsApp करें।",hi,spam,,,,,0,0,Ignore,train,hi-spam-3,synthetic_template
LL00548,jo roof top ac aapne lagaya tha wo kharab ho gaya. ye theek nahi hai agle hafte tak chahiye,hinglish,complaint,roof top ac,,,,1,40,Medium,train,hinglish-complaint-0,synthetic_template
LL01634,tumhi basvlele music system kharab zale aahe. he barobar nahi,mr_roman,complaint,music system,,,,0,25,Low,train,mr_roman-complaint-0,synthetic_template
LL00108,"hello sir, i run a travel company in thane and need exterior paint for 40 buses. what discount can you offer",en,bulk_order,exterior paint,40 buses,thane,,0,75,High,train,en-bulk_order-1,synthetic_template
LL01715,10 lakh paryant personal loan 30 minitat mila. aatach click kara!,mr_roman,spam,,,,,0,0,Ignore,train,mr_roman-spam-0,synthetic_template
LL01106,"नमस्कार, हैदराबाद मध्ये बस सीट बसवायला किती खर्च येईल? पुढच्या आठवड्यापर्यंत हवे",mr,price_query,बस सीट,,हैदराबाद,,1,55,Medium,train,mr-price_query-1,synthetic_template
LL00621,"warrantty me music system chnage karwana hai, ek mahine me toot gaya",hinglish,complaint,music system,,,,0,25,Low,test,hinglish-complaint-5,synthetic_template
LL00314,Invest in crypto and double your money in 3 days,en,spam,,,,,0,0,Ignore,train,en-spam-5,synthetic_template
LL00090,"Quote for 10 units with seat covers, budget Rs 2 lakh",en,price_query,seat covers,10 units,,Rs 2 lakh,0,60,Medium,train,en-price_query-8,synthetic_template
LL00696,"bus busiess ke liye 10 lakh tak loan pao, koi documents nahi. abhi clikc karo",hinglish,spam,,,,,0,0,Ignore,train,hinglish-spam-7,synthetic_template
LL01670,LED lights ek athavdyatach band padle. mala refund have call kara,mr_roman,complaint,LED lights,,,,0,25,Low,train,mr_roman-complaint-3,synthetic_template
LL00745,बेंगलुरु में बस सीट लगवाने का खर्च कितना आएगा? आज ही बात करनी है।,hi,price_query,बस सीट,,बेंगलुरु,,1,55,Medium,train,hi-price_query-1,synthetic_template
LL01349,"वॉरंटीमध्ये म्युझिक सिस्टीम बदलून हवे आहे, एका महिन्यात तुटले. पुढच्या आठवड्यापर्यंत हवे.",mr,complaint,म्युझिक सिस्टीम,,,,1,40,Medium,val,mr-complaint-5,synthetic_template
LL01657,"roof top AC che finishing khup vait aahe, tatkal durust kara",mr_roman,complaint,roof top AC,,,,0,25,Low,test,mr_roman-complaint-2,synthetic_template
LL01252,"नमस्कार, 10 बस साठी म्युझिक सिस्टीम चा घाऊक दर सांगा, एकूण बजेट 25 लाख आहे.",mr,bulk_order,म्युझिक सिस्टीम,10 बस,,25 लाख,0,80,High,val,mr-bulk_order-5,synthetic_template
LL00325,"Dear sir, we are a supplier of cheap LED lights from China. Reply for a catalogue.",en,spam,,,,,0,0,Ignore,val,en-spam-6,synthetic_template
LL00933,"लगेज रैक की फिनिशिंग बहुत खराब है, तुरंत ठीक करवाइए।",hi,complaint,लगेज रैक,,,,0,25,Low,test,hi-complaint-2,synthetic_template
LL00166,"Ordering CCTV cameras for 40 seats in Hyderabad, please confirm the wholesale rate. Need it urgently.",en,bulk_order,CCTV cameras,40 seats,Hyderabad,,1,90,High,train,en-bulk_order-6,synthetic_template
LL00791,क्या आप भोपाल में CCTV कैमरा का काम करते हैं? रेट बताइए। अगले हफ्ते तक चाहिए।,hi,price_query,CCTV कैमरा,,भोपाल,,1,55,Medium,train,hi-price_query-5,synthetic_template
LL00123,Looking to refurbish 25 buses with luggage racks. Budget Rs 5 lakh. When can you start? Need it urgently.,en,bulk_order,luggage racks,25 buses,,Rs 5 lakh,1,95,High,train,en-bulk_order-2,synthetic_template
LL01013,"इंस्टाग्राम फॉलोअर्स 1k बढ़ाएं, सस्ते रेट। अभी DM करें। कृपया कॉल करें।",hi,spam,,,,,0,0,Ignore,train,hi-spam-2,synthetic_template
LL01104,नाशिक मध्ये लगेज रॅक बसवायला किती खर्च येईल?,mr,price_query,लगेज रॅक,,नाशिक,,0,40,Medium,train,mr-price_query-1,synthetic_template
LL01745,gharbaasalya roj 5000 kamva. whtasapp kara,mr_roman,spam,,,,,0,0,Ignore,train,mr_roman-spam-3,synthetic_template
LL00833,"मेरी ट्रैवल कंपनी हैदराबाद में है, 12 बसों में बॉडी पेंट लगवाना है। कितना डिस्काउंट मिलेगा?",hi,bulk_order,बॉडी पेंट,12 बसों,हैदराबाद,,0,75,High,train,hi-bulk_order-1,synthetic_template
LL00315,Invest in crypto and double your mooney in 5 days.,en,spam,,,,,0,0,Ignore,train,en-spam-5,synthetic_template
LL01781,"tumchya bus vavsayasathi 5 lakh paryannt loan mila, kagdapatre nahit. aatach click kara",mr_roman,spam,,,,,0,0,Ignore,test,mr_roman-spam-7,synthetic_template
LL00740,बेंगलुरु में LED लाइट लगवाने का खर्च कितना आएगा? धन्यवाद।,hi,price_query,LED लाइट,,बेंगलुरु,,0,40,Medium,train,hi-price_query-1,synthetic_template
LL00584,"roof top ac ki finishing bahut kharab hai, tuant theek karo",hinglish,complaint,roof top ac,,,,0,25,Low,train,hinglish-complaint-2,synthetic_template
LL01055,"अपने बस बिज़नेस के लिए 1 लाख तक का लोन पाएं, कोई डॉक्यूमेंट नहीं। अभी क्लिक करें!",hi,spam,,,,,0,0,Ignore,test,hi-spam-7,synthetic_template
LL00638,2 lakh tak personal loan pao 5 minute me. abhi click karo!,hinglish,spam,,,,,0,0,Ignore,val,hinglish-spam-0,synthetic_template
LL00539,"20 bus ke liye flooring ka wholesale rate batao, total budet 5L",hinglish,bulk_order,flooring,20 bus,,5L,0,80,High,train,hinglish-bulk_order-5,synthetic_template
LL01300,"रूफ टॉप AC चे फिनिशिंग खूप वाईट आहे, ताबडतोब दुरुस्त करा. कृपया कॉल करा.",mr,complaint,रूफ टॉप AC,,,,0,25,Low,train,mr-complaint-2,synthetic_template
LL01632,tumhi basvlele flooring kharab zale aahe. he barobar nahi aajach bolaycha aahe,mr_roman,complaint,flooring,,,,1,40,Medium,train,mr_roman-complaint-0,synthetic_template
LL01540,amhala 60 seats sathi padde have aahe. ghau dar kay asel?,mr_roman,bulk_order,padde,60 seats,,,0,70,High,train,mr_roman-bulk_order-0,synthetic_template
LL00863,"हेलो सर, हमारे पास 100 सेट हैं, सभी में बस सीट लगवाना है। कृपया कॉल करें। कृपया कॉल करें।",hi,bulk_order,बस सीट,100 सेट,,,0,70,High,test,hi-bulk_order-3,synthetic_template
LL00144,Our fleet of 40 buses needs bus AC. Can we schedule a visit to Bhopal?,en,bulk_order,bus AC,40 buses,Bhopal,,0,75,High,train,en-bulk_order-4,synthetic_template
LL01795,"namaskar, free credit card offer, annual fee nahi. aatach aplpy kara",mr_roman,spam,,,,,0,0,Ignore,train,mr_roman-spam-9,synthetic_template
LL01261,"हॅलो सर, तुम्ही बसवलेले सीट कव्हर खराब झाले आहे. हे योग्य नाही. आजच बोलायचे आहे.",mr,complaint,सीट कव्हर,,,,1,40,Medium,train,mr-complaint-0,synthetic_template
LL00649,"instagram followers 10k badhao, sasta rate. dm karo",hinglish,spam,,,,,0,0,Ignore,train,hinglish-spam-2,synthetic_template
LL01080,"नमस्ते, फ्री क्रेडिट कार्ड ऑफर, कोई वार्षिक शुल्क नहीं। अभी अप्लाई करें। धन्यवाद।",hi,spam,,,,,0,0,Ignore,train,hi-spam-9,synthetic_template
LL00177,We are a school in Indore. Need roof-top AC for 40 buses. What is the best price,en,bulk_order,roof-top AC,40 buses,Indore,,0,75,High,val,en-bulk_order-7,synthetic_template
LL00695,"bus business ke liye 1 lakh tak loan pao, koi documents nahi. abhi click karo",hinglish,spam,,,,,0,0,Ignore,train,hinglish-spam-7,synthetic_template
LL00204,i paid for bus seats but the work is still incomplete after 2 weeks.,en,complaint,bus seats,,,,0,25,Low,train,en-complaint-1,synthetic_template
LL00859,"नमस्ते, हमारे पास 250 सेट हैं, सभी में रूफ टॉप AC लगवाना है। कृपया कॉल करें।",hi,bulk_order,रूफ टॉप AC,250 सेट,,,0,70,High,test,hi-bulk_order-3,synthetic_template
LL01711,1 lakh paryant personal loan 15 minitat mila. aatach click kara!,mr_roman,spam,,,,,0,0,Ignore,train,mr_roman-spam-0,synthetic_template
LL00515,"jalgaon delivery ke liye 30 bus me seat cover chahiye, 3 weeks me",hinglish,bulk_order,seat cover,30 bus,jalgaon,,0,75,High,train,hinglish-bulk_order-4,synthetic_template
LL00959,CCTV कैमरा एक हफ्ते में ही बंद हो गया। मुझे रिफंड चाहिए। बहुत ज़रूरी है। कृपया कॉल करें।,hi,complaint,CCTV कैमरा,,,,1,40,Medium,train,hi-complaint-3,synthetic_template
LL01422,"तुमच्या बस व्यवसायासाठी 10 लाखांपर्यंत कर्ज मिळवा, कागदपत्रे नाहीत. आत्ताच क्लिक करा",mr,spam,,,,,0,0,Ignore,train,mr-spam-7,synthetic_template
LL00430,CCTV camera ki price list bhejo,hinglish,price_query,CCTV camera,,,,0,35,Low,train,hinglish-price_query-6,synthetic_template
LL00983,"वारंटी में पुशबैक सीट बदलवाना है, एक महीने में टूट गया। अगले हफ्ते तक चाहिए।",hi,complaint,पुशबैक सीट,,,,1,40,Medium,train,hi-complaint-5,synthetic_template
LL01454,"dada, Bengaluru madhe ceiling panel basvayla kiti kharch yeil? lavkar have aahe call kara",mr_roman,price_query,ceiling panel,,Bengaluru,,1,55,Medium,val,mr_roman-price_query-1,synthetic_template
LL00243,"hi, your team delayed my bus delivery in kalyan by 10 days and nobody is answering my calls.",en,complaint,,,kalyan,,0,25,Low,test,en-complaint-4,synthetic_template
LL00145,our fleet of 8 buses needs sleeper berths. can we schedule a visit to jalgaon?,en,bulk_order,sleeper berths,8 buses,jalgaon,,0,75,High,train,en-bulk_order-4,synthetic_template
LL01667,"hello sir, body paint ek athavdyatach band padle. mala reffund have",mr_roman,complaint,body paint,,,,0,25,Low,train,mr_roman-complaint-3,synthetic_template
LL00509,"hamare paas 40 buses hai, sabme cctv camera lagwana hai. please call karo",hinglish,bulk_order,cctv camera,40 buses,,,0,70,High,val,hinglish-bulk_order-3,synthetic_template
LL01057,"अपने बस बिज़नेस के लिए 2 लाख तक का लोन पाएं, कोई डॉक्यूमेंट नहीं। अभी क्लिक करें!",hi,spam,,,,,0,0,Ignore,test,hi-spam-7,synthetic_template
LL00504,"hamare paas 8 bus hai, sabme ceiling panel lagwana hai. please call karo dhanyavad",hinglish,bulk_order,ceiling panel,8 bus,,,0,70,High,val,hinglish-bulk_order-3,synthetic_template
LL01185,"नमस्कार, आम्हाला 10 बस साठी पुशबॅक सीट हवे आहे. घाऊक दर काय असेल?",mr,bulk_order,पुशबॅक सीट,10 बस,,,0,70,High,train,mr-bulk_order-0,synthetic_template
LL01383,घरबसल्या रोज 10000 कमवा. WhatsApp करा,mr,spam,,,,,0,0,Ignore,train,mr-spam-3,synthetic_template
LL00032,Please send a quotation for sleeper berths. Budget is around 50k.,en,price_query,sleeper berths,,,50k,0,45,Medium,test,en-price_query-3,synthetic_template
LL00344,"Good morning, Buy 1 get 1 free on all sarees. Visit our store today!",en,spam,,,,,0,0,Ignore,test,en-spam-8,synthetic_template
LL01499,"mala padde chi kimmat janun ghyaychi aahe, budget saaddharan 2 lakh rupaye",mr_roman,price_query,padde,,,2 lakh rupaye,0,45,Medium,train,mr_roman-price_query-4,synthetic_template
LL01531,amhala 25 buses sathi sleeper berth have aahe. ghau dar kay asel?,mr_roman,bulk_order,sleeper berth,25 buses,,,0,70,High,train,mr_roman-bulk_order-0,synthetic_template
LL01401,"नमस्कार, गुगलवर पहिल्या पानाची हमी असलेली SEO सेवा मिळवा.",mr,spam,,,,,0,0,Ignore,test,mr-spam-5,synthetic_template
LL00412,"namaste mujhe bus wrap ki price janni hai, budget around 20k",hinglish,price_query,bus wrap,,,20k,0,45,Medium,val,hinglish-price_query-4,synthetic_template
LL01444,"dada, seat cover cha rate kay aahe?",mr_roman,price_query,seat cover,,,,0,35,Low,train,mr_roman-price_query-0,synthetic_template
LL00440,sir led lights kitne ka padega 45 pieces me,hinglish,price_query,led lights,45 pieces,,,0,50,Medium,test,hinglish-price_query-7,synthetic_template
LL00236,your team delayed my bus delivery in ratnagiri by 10 days and nobody is answering my calls.,en,complaint,,,ratnagiri,,0,25,Low,test,en-complaint-4,synthetic_template
LL00689,sbahi sarees pe 1 ke saath 1 free. aaj hi dukaan aao,hinglish,spam,,,,,0,0,Ignore,train,hinglish-spam-6,synthetic_template
LL01534,ammhala 60 seats sthi ceiling panel have aahe. ghau dar kay asel?,mr_roman,bulk_order,ceiling panel,60 seats,,,0,70,High,train,mr_roman-bulk_order-0,synthetic_template
LL00351,Get a loan for your bus bussiness up to 5 lakh with zero documentation. Clik now!,en,spam,,,,,0,0,Ignore,train,en-spam-9,synthetic_template
LL00317,"Hi, Innvest in crypto and double your money in 10 days",en,spam,,,,,0,0,Ignore,train,en-spam-5,synthetic_template
LL00510,"hamare paas 50 buses hai, sabme LED lights lagwana hai. please call karo",hinglish,bulk_order,LED lights,50 buses,,,0,70,High,val,hinglish-bulk_order-3,synthetic_template
LL00421,kya aap Belgaum me bus wrap ka kaam karte ho? rate batao,hinglish,price_query,bus wrap,,Belgaum,,0,40,Medium,train,hinglish-price_query-5,synthetic_template
LL00611,Satara me meri bus ki delivery 10 din late hui aur koi phone nahi utha raha,hinglish,complaint,,,Satara,,0,25,Low,train,hinglish-complaint-4,synthetic_template
LL00027,how much would reclining seats cost for 2 buses in kalyan? required by next week,en,price_query,reclining seats,2 buses,kalyan,,1,70,High,train,en-price_query-2,synthetic_template
LL01174,आम्हाला 12 बसेस साठी म्युझिक सिस्टीम हवे आहे. घाऊक दर काय असेल? लवकर हवे आहे,mr,bulk_order,म्युझिक सिस्टीम,12 बसेस,,,1,85,High,train,mr-bulk_order-0,synthetic_template
LL01301,"बस रॅप चे फिनिशिंग खूप वाईट आहे, ताबडतोब दुरुस्त करा.",mr,complaint,बस रॅप,,,,0,25,Low,train,mr-complaint-2,synthetic_template
LL00113,"Hi, I run a travel company in Bhopal and need anti-skid flooring for 300 seats. What discount can you offer?",en,bulk_order,anti-skid flooring,300 seats,Bhopal,,0,75,High,train,en-bulk_order-1,synthetic_template
LL00363,bhai luggage rack ka rate kya hai? dhanyavad,hinglish,price_query,luggage rack,,,,0,35,Low,train,hinglish-price_query-0,synthetic_template
LL01535,amhala 25 bus sathi led lights have aahe. ghau dar kay asel,mr_roman,bulk_order,led lights,25 bus,,,0,70,High,train,mr_roman-bulk_order-0,synthetic_template
LL00676,google pe first page guarantee wali seo service lo,hinglish,spam,,,,,0,0,Ignore,test,hinglish-spam-5,synthetic_template
LL00214,Very poor finish on the sleeper berths. Please fix it immediately. Need this done this month.,en,complaint,sleeper berths,,,,1,40,Medium,train,en-complaint-2,synthetic_template
LL00424,kya aap jalgaon me sleeper berth ka kaam karte ho? rate batao call karna,hinglish,price_query,sleeper berth,,jalgaon,,0,40,Medium,train,hinglish-price_query-5,synthetic_template
LL00596,flooring ek hafte me hi band ho gaya. mujhe refund chahiye agle hafte tak chahiye,hinglish,complaint,flooring,,,,1,40,Medium,val,hinglish-complaint-3,synthetic_template
LL00099,We want to orrder pushback seats for 40 buses. Please shae bulk pricing.,en,bulk_order,pushback seats,40 buses,,,0,70,High,train,en-bulk_order-0,synthetic_template
LL01642,mi LED lights che paise dile pan kaam ajun apurna aahe call kara,mr_roman,complaint,LED lights,,,,0,25,Low,train,mr_roman-complaint-1,synthetic_template
LL00360,"grow your travel business with guaranteed leads. limited offer, conntact us today.",en,spam,,,,,0,0,Ignore,train,en-spam-10,synthetic_template
LL00069,"rate for music system, my budgget is 20k need this done this month.",en,price_query,music system,,,20k,1,60,Medium,val,en-price_query-6,synthetic_template
LL00628,"warranty me seat cover change karwana hai, ek mahine me toot gaya",hinglish,complaint,seat cover,,,,0,25,Low,test,hinglish-complaint-5,synthetic_template
LL00336,"Free credit card offer, no annual fee. Apply now",en,spam,,,,,0,0,Ignore,val,en-spam-7,synthetic_template
LL00761,"नमस्ते, 10 पीस के लिए बस रैप की कीमत बताइए। जल्दी चाहिए। कृपया कॉल करें।",hi,price_query,बस रैप,10 पीस,,,1,65,Medium,train,hi-price_query-3,synthetic_template
LL00036,"hello sir, please send a quotation for cctv cameras. budget is around rs 1 lakh.",en,price_query,cctv cameras,,,rs 1 lakh,0,45,Medium,test,en-price_query-3,synthetic_template
LL01066,"अपने ट्रैवल बिज़नेस के लिए गारंटीड लीड्स पाएं। सीमित ऑफर, आज ही संपर्क करें। धन्यवाद।",hi,spam,,,,,0,0,Ignore,val,hi-spam-8,synthetic_template
LL01661,"LED lights che finishing khup vait aahe, tatkal durust kara",mr_roman,complaint,LED lights,,,,0,25,Low,test,mr_roman-complaint-2,synthetic_template
LL00201,"Hello sir, I paid for full body paint but the work is still incomplete after 2 weeks.",en,complaint,full body paint,,,,0,25,Low,train,en-complaint-1,synthetic_template
LL01552,"namaskar, majhi travells company mumbai mdahe aahe, 8 bus mdahe ceiling panel basvyacha aahe. kiti sut milel?",mr_roman,bulk_order,ceiling panel,8 bus,mumbai,,0,75,High,train,mr_roman-bulk_order-1,synthetic_template
LL01088,"हॅलो सर, पुशबॅक सीट चा रेट काय आहे?",mr,price_query,पुशबॅक सीट,,,,0,35,Low,train,mr-price_query-0,synthetic_template
LL00341,buy 1 get 1 free on all sarees. vist our store today,en,spam,,,,,0,0,Ignore,test,en-spam-8,synthetic_template
LL01151,"हॅलो सर, तुम्ही पनवेल मध्ये बस रॅप चे काम करता का? दर सांगा. खूप अर्जंट आहे",mr,price_query,बस रॅप,,पनवेल,,1,55,Medium,train,mr-price_query-5,synthetic_template
LL01292,"हॅलो सर, लगेज रॅक चे फिनिशिंग खूप वाईट आहे, ताबडतोब दुरुस्त करा.",mr,complaint,लगेज रॅक,,,,0,25,Low,train,mr-complaint-2,synthetic_template
LL00167,"good morning, ordeing full body paint for 5 buses in mumbai, plese confirm the wholesale rate.",en,bulk_order,full body paint,5 buses,mumbai,,0,75,High,train,en-bulk_order-6,synthetic_template
LL01108,कृपया सीट कव्हर चे कोटेशन पाठवा. बजेट 50 हजार आहे. कृपया कॉल करा,mr,price_query,सीट कव्हर,,,50 हजार,0,45,Medium,test,mr-price_query-2,synthetic_template
LL01673,"namaskar, bus wrap ek athavdyatach band padle. mala refud have dhanyavad",mr_roman,complaint,bus wrap,,,,0,25,Low,train,mr_roman-complaint-3,synthetic_template
LL00285,Congratulations! You have won a free iPhone. Calim your prize. Please call me.,en,spam,,,,,0,0,Ignore,test,en-spam-1,synthetic_template
LL01145,"मला बस सीट ची किंमत जाणून घ्यायची आहे, बजेट साधारण 40 हजार. धन्यवाद.",mr,price_query,बस सीट,,,40 हजार,0,45,Medium,train,mr-price_query-4,synthetic_template
LL01231,"नमस्कार, पनवेल मध्ये डिलिव्हरीसाठी 200 सेट मध्ये फ्लोअरिंग हवे, 3 आठवड्यात",mr,bulk_order,फ्लोअरिंग,200 सेट,पनवेल,,0,75,High,train,mr-bulk_order-4,synthetic_template
LL00287,Congratulations! You have won a free iPhone. Cliam your prize,en,spam,,,,,0,0,Ignore,test,en-spam-1,synthetic_template
LL01278,"हॅलो सर, मी लगेज रॅक चे पैसे दिले, पण काम अजून अपूर्ण आहे",mr,complaint,लगेज रॅक,,,,0,25,Low,test,mr-complaint-1,synthetic_template
LL01575,"bulk order dyaycha aahe 25 buses cha, roof top AC have. budget 8 lakh rupaye",mr_roman,bulk_order,roof top AC,25 buses,,8 lakh rupaye,0,80,High,val,mr_roman-bulk_order-2,synthetic_template
LL00626,"warranty me body paint change karwana hai, ek mahine me toot gaya",hinglish,complaint,body paint,,,,0,25,Low,test,hinglish-complaint-5,synthetic_template
LL00935,"म्यूजिक सिस्टम की फिनिशिंग बहुत खराब है, तुरंत ठीक करवाइए।",hi,complaint,म्यूजिक सिस्टम,,,,0,25,Low,test,hi-complaint-2,synthetic_template
LL00368,bhai seat cover ka rate kya hai? jaldi reply karo,hinglish,price_query,seat cover,,,,1,50,Medium,train,hinglish-price_query-0,synthetic_template
LL00836,"मेरी ट्रैवल कंपनी नांदेड़ में है, 50 सेट में बस सीट लगवाना है। कितना डिस्काउंट मिलेगा?",hi,bulk_order,बस सीट,50 सेट,नांदेड़,,0,75,High,train,hi-bulk_order-1,synthetic_template
LL01233,"अहमदाबाद मध्ये डिलिव्हरीसाठी 80 सीट मध्ये लगेज रॅक हवे, 3 आठवड्यात",mr,bulk_order,लगेज रॅक,80 सीट,अहमदाबाद,,0,75,High,train,mr-bulk_order-4,synthetic_template
LL01671,pushback seats ek athavdyatach band padle. mala refund have,mr_roman,complaint,pushback seats,,,,0,25,Low,train,mr_roman-complaint-3,synthetic_template
LL01051,"नमस्ते, सारी साड़ियों पर एक के साथ एक फ्री। आज ही दुकान पर आएं। कृपया कॉल करें।",hi,spam,,,,,0,0,Ignore,test,hi-spam-6,synthetic_template
LL00244,your team delayed my bus deliery in ahmedabad by 10 days and noobody is answering my calls,en,complaint,,,ahmedabad,,0,25,Low,test,en-complaint-4,synthetic_template
LL01578,"amchyyakade 50 buses aahet, sarvvamadhe pushback seats basvaycha aahe. plaese call kara call kara",mr_roman,bulk_order,pushback seats,50 buses,,,0,70,High,train,mr_roman-bulk_order-3,synthetic_template
LL01554,"namaskar, majhi travels company Pune madhe aahe, 60 nag madhe sleeper berth basvaycha aahe. kiti sut milel",mr_roman,bulk_order,sleeper berth,60 nag,Pune,,0,75,High,train,mr_roman-bulk_order-1,synthetic_template
LL00129,"good morning, bulk order: 10 buses need bus seats. delivery to indore in 3 weeks. need this done this month. thanks.",en,bulk_order,bus seats,10 buses,indore,,1,90,High,test,en-bulk_order-3,synthetic_template
LL00425,kya aap panvel me flooring ka kaam karte ho? rate batao agle hafte tak chahiye,hinglish,price_query,flooring,,panvel,,1,55,Medium,train,hinglish-price_query-5,synthetic_template
LL01392,क्रिप्टोमध्ये गुंतवणूक करा आणि 3 दिवसांत पैसे दुप्पट करा,mr,spam,,,,,0,0,Ignore,train,mr-spam-4,synthetic_template
LL00427,bhai kya aap latur me cctv camera ka kaam karte ho? rate batoa,hinglish,price_query,cctv camera,,latur,,0,40,Medium,train,hinglish-price_query-5,synthetic_template
LL00517,"namaste Mumbai delivery ke liye 15 bus me body paint chahiye, 3 weeks me",hinglish,bulk_order,body paint,15 bus,Mumbai,,0,75,High,train,hinglish-bulk_order-4,synthetic_template
LL01497,"mala padde chi kimmat janun ghyaychi aahe, budget saadharan 75 hajar dhanyavad",mr_roman,price_query,padde,,,75 hajar,0,45,Medium,train,mr_roman-price_query-4,synthetic_template
LL01656,"padde che finishing khup vait aahe, tatkal durust kara pudhchya athavdyaparyant have",mr_roman,complaint,padde,,,,1,40,Medium,test,mr_roman-complaint-2,synthetic_template
LL01739,gharbasalya roj 10000 kamva. WhatsApp kara call kara,mr_roman,spam,,,,,0,0,Ignore,train,mr_roman-spam-3,synthetic_template
LL00986,"वारंटी में स्लीपर बर्थ बदलवाना है, एक महीने में टूट गया।",hi,complaint,स्लीपर बर्थ,,,,0,25,Low,train,hi-complaint-5,synthetic_template
LL01417,"तुमच्या बस व्यवसायासाठी 10 लाखांपर्यंत कर्ज मिळवा, कागदपत्रे नाहीत. आत्ताच क्लिक करा!",mr,spam,,,,,0,0,Ignore,train,mr-spam-7,synthetic_template
LL01505,"mala cctv camera chi kimmat janun ghyaychi aahe, budget saadharan 2 lakh",mr_roman,price_query,cctv camera,,,2 lakh,0,45,Medium,train,mr_roman-price_query-4,synthetic_template
LL01760,google var pahliya panachi guarantee asleli seo seva mila,mr_roman,spam,,,,,0,0,Ignore,test,mr_roman-spam-5,synthetic_template
LL00592,bhai sleeper berth ek hafte me hi band ho gaya. mujhe refund chahiye aaj hi baat karni hai,hinglish,complaint,sleeper berth,,,,1,40,Medium,val,hinglish-complaint-3,synthetic_template
LL01113,कृपया CCTV कॅमेरा चे कोटेशन पाठवा. बजेट ₹2 लाख आहे,mr,price_query,CCTV कॅमेरा,,,₹2 लाख,0,45,Medium,test,mr-price_query-2,synthetic_template
LL00290,"boost your instagram followers by 1k. cheap rates, dm now.",en,spam,,,,,0,0,Ignore,train,en-spam-2,synthetic_template
LL01674,"namaskar, sleeper berth ek athavdyatach band padle. mala refund have",mr_roman,complaint,sleeper berth,,,,0,25,Low,train,mr_roman-complaint-3,synthetic_template
LL01409,"हॅलो सर, सर्व साड्यांवर एकावर एक फ्री. आजच दुकानात या",mr,spam,,,,,0,0,Ignore,train,mr-spam-6,synthetic_template
LL00793,"नमस्ते, क्या आप अहमदाबाद में पुशबैक सीट का काम करते हैं? रेट बताइए।",hi,price_query,पुशबैक सीट,,अहमदाबाद,,0,40,Medium,train,hi-price_query-5,synthetic_template
LL00881,"हैदराबाद डिलीवरी के लिए 20 बस में CCTV कैमरा चाहिए, 3 हफ्ते में।",hi,bulk_order,CCTV कैमरा,20 बस,हैदराबाद,,0,75,High,train,hi-bulk_order-4,synthetic_template
LL00572,"curtains ki finishing bahut kharab hai, turant theek karo",hinglish,complaint,curtains,,,,0,25,Low,train,hinglish-complaint-2,synthetic_template
LL00741,मुंबई में स्लीपर बर्थ लगवाने का खर्च कितना आएगा? कृपया कॉल करें।,hi,price_query,स्लीपर बर्थ,,मुंबई,,0,40,Medium,train,hi-price_query-1,synthetic_template
LL01200,"नमस्कार, माझी ट्रॅव्हल कंपनी नवी मुंबई मध्ये आहे, 150 नग मध्ये स्लीपर बर्थ बसवायचे आहे. किती सूट मिळेल? खूप अर्जंट आहे",mr,bulk_order,स्लीपर बर्थ,150 नग,नवी मुंबई,,1,90,High,train,mr-bulk_order-1,synthetic_template
LL01353,5 लाखांपर्यंत पर्सनल लोन 5 मिनिटांत मिळवा. आत्ताच क्लिक करा!,mr,spam,,,,,0,0,Ignore,val,mr-spam-0,synthetic_template
LL00491,"bulk order dena hai 8 buses ka, LED lights chahiye. budget 15L urgent chahiye",hinglish,bulk_order,LED lights,8 buses,,15L,1,95,High,train,hinglish-bulk_order-2,synthetic_template
LL01307,फ्लोअरिंग एका आठवड्यातच बंद पडले. मला रिफंड हवा आहे,mr,complaint,फ्लोअरिंग,,,,0,25,Low,train,mr-complaint-3,synthetic_template
LL00004,What is the price of seat covers for a bus?,en,price_query,seat covers,,,,0,35,Low,train,en-price_query-0,synthetic_template
LL00672,bhai crypto me invest karo aur 7 din me paisa double karo,hinglish,spam,,,,,0,0,Ignore,val,hinglish-spam-4,synthetic_template
LL00481,"bulk order dena hai 200 sets ka, music system chahiye. budget 5 lakh",hinglish,bulk_order,music system,200 sets,,5 lakh,0,80,High,train,hinglish-bulk_order-2,synthetic_template
LL01551,"dada, majhi travels company Satara madhe aahe, 250 seats madhe luggage rack basvaycha aahe. kiti sut milel? call kara",mr_roman,bulk_order,luggage rack,250 seats,Satara,,0,75,High,train,mr_roman-bulk_order-1,synthetic_template
LL00914,आपने जो सीट कवर लगाया था वो खराब हो गया है। यह ठीक नहीं है।,hi,complaint,सीट कवर,,,,0,25,Low,train,hi-complaint-0,synthetic_template
LL00059,"hello sir, price list for luggage racks please thank you.",en,price_query,luggage racks,,,,0,35,Low,train,en-price_query-5,synthetic_template
LL00738,"हेलो सर, बेंगलुरु में फ्लोरिंग लगवाने का खर्च कितना आएगा?",hi,price_query,फ्लोरिंग,,बेंगलुरु,,0,40,Medium,train,hi-price_query-1,synthetic_template
LL00479,"hi meri traavels company latur me hai, 150 seats me bus wrap lagwana hai. kitnna discount milega? jaldi reply karo",hinglish,bulk_order,bus wrap,150 seats,latur,,1,90,High,test,hinglish-bulk_order-1,synthetic_template
LL00725,"हेलो सर, CCTV कैमरा का रेट क्या है?",hi,price_query,CCTV कैमरा,,,,0,35,Low,train,hi-price_query-0,synthetic_template
LL00320,Invest in crypto and double your money in 10 days.,en,spam,,,,,0,0,Ignore,train,en-spam-5,synthetic_template
LL01059,"अपने बस बिज़नेस के लिए 3 लाख तक का लोन पाएं, कोई डॉक्यूमेंट नहीं। अभी क्लिक करें!",hi,spam,,,,,0,0,Ignore,test,hi-spam-7,synthetic_template
LL01504,"mala CCTV camera chi kimmat janun ghyaychi aahe, budget saadharan 1 lakh rupaye",mr_roman,price_query,CCTV camera,,,1 lakh rupaye,0,45,Medium,train,mr_roman-price_query-4,synthetic_template
LL00876,"जलगांव डिलीवरी के लिए 20 बस में बस सीट चाहिए, 3 हफ्ते में। कृपया कॉल करें।",hi,bulk_order,बस सीट,20 बस,जलगांव,,0,75,High,train,hi-bulk_order-4,synthetic_template
LL00851,"हेलो सर, 20 बसों का बल्क ऑर्डर देना है, बस रैप चाहिए। बजट ₹50 लाख। जल्दी चाहिए।",hi,bulk_order,बस रैप,20 बसों,,₹50 लाख,1,95,High,train,hi-bulk_order-2,synthetic_template
LL00840,"हेलो सर, मेरी ट्रैवल कंपनी नांदेड़ में है, 40 बस में रूफ टॉप AC लगवाना है। कितना डिस्काउंट मिलेगा? अगले हफ्ते तक चाहिए।",hi,bulk_order,रूफ टॉप AC,40 बस,नांदेड़,,1,90,High,train,hi-bulk_order-1,synthetic_template
LL01160,"हॅलो सर, CCTV कॅमेरा ची प्राईस लिस्ट पाठवा पुढच्या आठवड्यापर्यंत हवे.",mr,price_query,CCTV कॅमेरा,,,,1,50,Medium,train,mr-price_query-6,synthetic_template
LL00192,The bus seats you installed is already damaged. This is unacceptable. Need this done this month.,en,complaint,bus seats,,,,1,40,Medium,train,en-complaint-0,synthetic_template
LL00902,आपने जो पुशबैक सीट लगाया था वो खराब हो गया है। यह ठीक नहीं है। जल्दी चाहिए।,hi,complaint,पुशबैक सीट,,,,1,40,Medium,train,hi-complaint-0,synthetic_template
LL01354,10 लाखांपर्यंत पर्सनल लोन 10 मिनिटांत मिळवा. आत्ताच क्लिक करा!,mr,spam,,,,,0,0,Ignore,val,mr-spam-0,synthetic_template
LL01692,surat madhe majhya bus chi delivery 10 divas ushira zali ani koni phone uchalat nahi khup urgent aahe,mr_roman,complaint,,,surat,,1,40,Medium,train,mr_roman-complaint-4,synthetic_template
LL01702,"waranty madhe sleeper berth badlun hava aahe, ek mahinyat tulte",mr_roman,complaint,sleeper berth,,,,0,25,Low,val,mr_roman-complaint-5,synthetic_template
LL00743,पनवेल में पर्दे लगवाने का खर्च कितना आएगा? अगले हफ्ते तक चाहिए। धन्यवाद।,hi,price_query,पर्दे,,पनवेल,,1,55,Medium,train,hi-price_query-1,synthetic_template
LL00083,"Hey, Quote for 2 buses with window curtains, budget Rs 75000 Required by next week.",en,price_query,window curtains,2 buses,,Rs 75000,1,75,High,train,en-price_query-8,synthetic_template
LL00841,"हेलो सर, 250 सीट का बल्क ऑर्डर देना है, फ्लोरिंग चाहिए। बजट ₹25 लाख।",hi,bulk_order,फ्लोरिंग,250 सीट,,₹25 लाख,0,80,High,train,hi-bulk_order-2,synthetic_template
LL00073,"hello sir, what would it cost to get bus seats done on my bus? i'm in kalyan",en,price_query,bus seats,,kalyan,,0,40,Medium,train,en-price_query-7,synthetic_template
LL01563,"bulk order dyaycha aahe 15 buses cha, led lights have. budget rs 5 lakh",mr_roman,bulk_order,led lights,15 buses,,rs 5 lakh,0,80,High,val,mr_roman-bulk_order-2,synthetic_template
LL00593,namaste music system ek hafte me hi band ho gaya. mujhe refund chahiye aaj hi baat karni hai,hinglish,complaint,music system,,,,1,40,Medium,val,hinglish-complaint-3,synthetic_template
LL01693,"namaskar, indore madhe majhya bus chi delivery 10 divas ushira zali ani koni phone ucahlat nahi lavkar have aahe",mr_roman,complaint,,,indore,,1,40,Medium,train,mr_roman-complaint-4,synthetic_template
LL01313,"हॅलो सर, बॉडी पेंट एका आठवड्यातच बंद पडले. मला रिफंड हवा आहे.",mr,complaint,बॉडी पेंट,,,,0,25,Low,train,mr-complaint-3,synthetic_template
LL01367,"नमस्कार, अभिनंदन! तुम्ही फ्री iPhone जिंकला आहे. आत्ताच क्लेम करा.",mr,spam,,,,,0,0,Ignore,test,mr-spam-1,synthetic_template
LL01250,"250 सेट साठी बस रॅप चा घाऊक दर सांगा, एकूण बजेट ₹10 लाख आहे. धन्यवाद",mr,bulk_order,बस रॅप,250 सेट,,₹10 लाख,0,80,High,val,mr-bulk_order-5,synthetic_template
LL00081,"Hi, Quoote for 45 seats with LED lights, budgget Rs 2 lakh",en,price_query,LED lights,45 seats,,Rs 2 lakh,0,60,Medium,train,en-price_query-8,synthetic_template
LL00237,"Hello sir, Your team delayed my bus delivery in Solapur by 10 days and nobody is answering my calls. Need it urgently.",en,complaint,,,Solapur,,1,40,Medium,test,en-complaint-4,synthetic_template
LL01009,"इंस्टाग्राम फॉलोअर्स 5k बढ़ाएं, सस्ते रेट। अभी DM करें।",hi,spam,,,,,0,0,Ignore,train,hi-spam-2,synthetic_template
LL01008,"हेलो सर, बधाई हो! आपने फ्री iPhone जीता है। अभी क्लेम करें। धन्यवाद।",hi,spam,,,,,0,0,Ignore,train,hi-spam-1,synthetic_template
LL00468,"bhai meri travels company Nashik me hai, 20 buses me bus seats lagwana hai. kitna discount milega? jaldi reply karo",hinglish,bulk_order,bus seats,20 buses,Nashik,,1,90,High,test,hinglish-bulk_order-1,synthetic_template
LL00361,bhai bus wrap ka rate kya hai?,hinglish,price_query,bus wrap,,,,0,35,Low,train,hinglish-price_query-0,synthetic_template
LL01717,1 lakh paryant personal loan 15 minitat mila. aatach click kara,mr_roman,spam,,,,,0,0,Ignore,train,mr_roman-spam-0,synthetic_template
LL00899,"15 बसों के लिए LED लाइट का थोक रेट बताइए, कुल बजट 1 करोड़ है।",hi,bulk_order,LED लाइट,15 बसों,,1 करोड़,0,80,High,train,hi-bulk_order-5,synthetic_template
LL00185,The exterior wrap you installed is already damaged. This is unacceptable. Please reply asap.,en,complaint,exterior wrap,,,,1,40,Medium,train,en-complaint-0,synthetic_template
LL00281,Congratulations! You have won a free iPhone. Clami your prize.,en,spam,,,,,0,0,Ignore,test,en-spam-1,synthetic_template
LL00955,सीलिंग पैनल एक हफ्ते में ही बंद हो गया। मुझे रिफंड चाहिए। कृपया कॉल करें।,hi,complaint,सीलिंग पैनल,,,,0,25,Low,train,hi-complaint-3,synthetic_template
LL01599,"Solapur madhe delivery sathi 25 buses madhe music system have, 3 athavdyat",mr_roman,bulk_order,music system,25 buses,Solapur,,0,75,High,test,mr_roman-bulk_order-4,synthetic_template
LL01396,गुगलवर पहिल्या पानाची हमी असलेली SEO सेवा मिळवा,mr,spam,,,,,0,0,Ignore,test,mr-spam-5,synthetic_template
LL01701,"warranty madhe seat cover badlun hava aahe, ek mahinyat tutle",mr_roman,complaint,seat cover,,,,0,25,Low,val,mr_roman-complaint-5,synthetic_template
LL00529,"15 buses ke liye vinyl branding ka wholesale rate batao, total budget 5 lakh",hinglish,bulk_order,vinyl branding,15 buses,,5 lakh,0,80,High,train,hinglish-bulk_order-5,synthetic_template
LL00972,सूरत में मेरी बस की डिलीवरी 10 दिन लेट हुई और कोई फोन नहीं उठा रहा। कृपया कॉल करें।,hi,complaint,,,सूरत,,0,25,Low,train,hi-complaint-4,synthetic_template
LL01324,वसई मध्ये माझ्या बसची डिलिव्हरी 10 दिवस उशिरा झाली आणि कोणी फोन उचलत नाही.,mr,complaint,,,वसई,,0,25,Low,train,mr-complaint-4,synthetic_template
LL00563,maine cctv camera ke paise de diye lekin kaam abhi tak adhura hai,hinglish,complaint,cctv camera,,,,0,25,Low,train,hinglish-complaint-1,synthetic_template
LL00471,"meri travels company Nagpur me hai, 40 sets me roof top AC lagwana hai. kitna discount milega",hinglish,bulk_order,roof top AC,40 sets,Nagpur,,0,75,High,test,hinglish-bulk_order-1,synthetic_template
LL01172,आम्हाला 5 बसेस साठी LED लाईट हवे आहे. घाऊक दर काय असेल?,mr,bulk_order,LED लाईट,5 बसेस,,,0,70,High,train,mr-bulk_order-0,synthetic_template
LL00796,"हेलो सर, क्या आप नवी मुंबई में स्लीपर बर्थ का काम करते हैं? रेट बताइए। जल्दी चाहिए।",hi,price_query,स्लीपर बर्थ,,नवी मुंबई,,1,55,Medium,train,hi-price_query-5,synthetic_template
LL01342,"वॉरंटीमध्ये म्युझिक सिस्टीम बदलून हवे आहे, एका महिन्यात तुटले.",mr,complaint,म्युझिक सिस्टीम,,,,0,25,Low,val,mr-complaint-5,synthetic_template
LL01049,"हेलो सर, सारी साड़ियों पर एक के साथ एक फ्री। आज ही दुकान पर आएं। धन्यवाद।",hi,spam,,,,,0,0,Ignore,test,hi-spam-6,synthetic_template
LL00687,sabhi sarees pe 1 ke saaath 1 free. aaj hi dukaan aao thanks,hinglish,spam,,,,,0,0,Ignore,train,hinglish-spam-6,synthetic_template
LL01704,"warrnaty madhe led lights badlun hava aahe, ek mahiyat tutle aajach bolaycha aahe",mr_roman,complaint,led lights,,,,1,40,Medium,val,mr_roman-complaint-5,synthetic_template
LL00664,ghar baithe roz 10000 kamao. whatsapp karo,hinglish,spam,,,,,0,0,Ignore,train,hinglish-spam-3,synthetic_template
LL01042,"हेलो सर, गूगल पर पहले पेज की गारंटी के साथ SEO सर्विस पाएं। धन्यवाद।",hi,spam,,,,,0,0,Ignore,train,hi-spam-5,synthetic_template
LL00196,i paid for bus ac but the work is still incomplete after 2 weeks. thank you.,en,complaint,bus ac,,,,0,25,Low,train,en-complaint-1,synthetic_template
LL00591,luggage rack ek hafte me hi band ho gaya. mujhe reufnd chahiye thanks,hinglish,complaint,luggage rack,,,,0,25,Low,val,hinglish-complaint-3,synthetic_template
LL00524,"sir nashik delivery ke liye 5 buses me cctv camera chahiye, 3 weeks me",hinglish,bulk_order,cctv camera,5 buses,nashik,,0,75,High,train,hinglish-bulk_order-4,synthetic_template
LL00815,"हेलो सर, हमें 8 बस के लिए फ्लोरिंग चाहिए। थोक में क्या रेट मिलेगा",hi,bulk_order,फ्लोरिंग,8 बस,,,0,70,High,val,hi-bulk_order-0,synthetic_template
LL01525,"namaskar, bus wrap chi price list patha",mr_roman,price_query,bus wrap,,,,0,35,Low,test,mr_roman-price_query-6,synthetic_template
LL00890,"हेलो सर, 12 बसों के लिए सीट कवर का थोक रेट बताइए, कुल बजट 1 करोड़ है।",hi,bulk_order,सीट कवर,12 बसों,,1 करोड़,0,80,High,train,hi-bulk_order-5,synthetic_template
LL01239,"वसई मध्ये डिलिव्हरीसाठी 30 बसेस मध्ये पुशबॅक सीट हवे, 3 आठवड्यात.",mr,bulk_order,पुशबॅक सीट,30 बसेस,वसई,,0,75,High,train,mr-bulk_order-4,synthetic_template
LL01241,"हॅलो सर, नाशिक मध्ये डिलिव्हरीसाठी 40 नग मध्ये बस रॅप हवे, 3 आठवड्यात",mr,bulk_order,बस रॅप,40 नग,नाशिक,,0,75,High,train,mr-bulk_order-4,synthetic_template
LL01638,"hello sir, mi sleeper berth che paise dile pan kaam ajun apurna aahe dhanyavad",mr_roman,complaint,sleeper berth,,,,0,25,Low,train,mr_roman-complaint-1,synthetic_template
LL01524,ceiling panel chi price list patvha thanks,mr_roman,price_query,ceiling panel,,,,0,35,Low,test,mr_roman-price_query-6,synthetic_template
LL00225,LED lights stopped working within a week. I want a refund. Thank you.,en,complaint,LED lights,,,,0,25,Low,train,en-complaint-3,synthetic_template
LL01288,"मी म्युझिक सिस्टीम चे पैसे दिले, पण काम अजून अपूर्ण आहे. पुढच्या आठवड्यापर्यंत हवे",mr,complaint,म्युझिक सिस्टीम,,,,1,40,Medium,test,mr-complaint-1,synthetic_template
LL01308,LED लाईट एका आठवड्यातच बंद पडले. मला रिफंड हवा आहे. पुढच्या आठवड्यापर्यंत हवे. कृपया कॉल करा.,mr,complaint,LED लाईट,,,,1,40,Medium,train,mr-complaint-3,synthetic_template
LL00327,"Dear sir, we are a suppler of cheap LED lights from China. Reply for a catalogue",en,spam,,,,,0,0,Ignore,val,en-spam-6,synthetic_template
LL00565,maine vinyl branding ke paise de diye lekin kaam abhi tak adhura hai jaldi reply karo dhanyavad,hinglish,complaint,vinyl branding,,,,1,40,Medium,train,hinglish-complaint-1,synthetic_template
LL01270,तुम्ही बसवलेले फ्लोअरिंग खराब झाले आहे. हे योग्य नाही.,mr,complaint,फ्लोअरिंग,,,,0,25,Low,train,mr-complaint-0,synthetic_template
LL00240,"good morning, your team delayed my bus delivery in goa by 10 days and nobody is answering my calls.",en,complaint,,,goa,,0,25,Low,test,en-complaint-4,synthetic_template
LL01468,please music system che quotation pathva. budget 1.5 lakh rupaye aahe,mr_roman,price_query,music system,,,1.5 lakh rupaye,0,45,Medium,train,mr_roman-price_query-2,synthetic_template
LL01703,"warranty madhhe padde badluun hava aahe, ek mahinyat tutle",mr_roman,complaint,padde,,,,0,25,Low,val,mr_roman-complaint-5,synthetic_template
LL00772,"नमस्ते, 45 सीट के लिए रूफ टॉप AC की कीमत बताइए।",hi,price_query,रूफ टॉप AC,45 सीट,,,0,50,Medium,train,hi-price_query-3,synthetic_template
LL01093,पडदे चा रेट काय आहे?,mr,price_query,पडदे,,,,0,35,Low,train,mr-price_query-0,synthetic_template
LL00771,2 सेट के लिए बस सीट की कीमत बताइए।,hi,price_query,बस सीट,2 सेट,,,0,50,Medium,train,hi-price_query-3,synthetic_template
LL00445,sir sir seat cover kitne ka padega 1 bus me,hinglish,price_query,seat cover,1 bus,,,0,50,Medium,test,hinglish-price_query-7,synthetic_template
LL00865,"हेलो सर, हमारे पास 40 बस हैं, सभी में सीलिंग पैनल लगवाना है। कृपया कॉल करें।",hi,bulk_order,सीलिंग पैनल,40 बस,,,0,70,High,test,hi-bulk_order-3,synthetic_template
LL00498,"hamarre paas 10 bus hai, sabem cctv camera lagwana hai. pleasse call karo aaj hi baat karni hai",hinglish,bulk_order,cctv camera,10 bus,,,1,85,High,val,hinglish-bulk_order-3,synthetic_template
LL01521,roof top ac chi price list pathva,mr_roman,price_query,roof top ac,,,,0,35,Low,test,mr_roman-price_query-6,synthetic_template
LL01792,"free credit card offer, annual fee nahi. aatach apply kara",mr_roman,spam,,,,,0,0,Ignore,train,mr_roman-spam-9,synthetic_template
LL00213,Very poor finish on the full body paint. Please fix it immediately. Required by next week. Thank you.,en,complaint,full body paint,,,,1,40,Medium,train,en-complaint-2,synthetic_template
LL01438,"फ्री क्रेडिट कार्ड ऑफर, वार्षिक शुल्क नाही. आत्ताच अर्ज करा. कृपया कॉल करा.",mr,spam,,,,,0,0,Ignore,train,mr-spam-9,synthetic_template
LL01612,"dada, 40 seats sathi luggage rack cha ghau dar sanga, ekun budget 15 lakh rupaye aahe pudhchya athavdyaparyant have dhanyavad",mr_roman,bulk_order,luggage rack,40 seats,,15 lakh rupaye,1,95,High,train,mr_roman-bulk_order-5,synthetic_template
LL01260,"12 बसेस साठी फ्लोअरिंग चा घाऊक दर सांगा, एकूण बजेट 25 लाख आहे. कृपया कॉल करा.",mr,bulk_order,फ्लोअरिंग,12 बसेस,,25 लाख,0,80,High,val,mr-bulk_order-5,synthetic_template
LL01651,"dada, CCTV camera che finishing khup vait aahe, tatkal durust kara khup urgent aahe dhanyavad",mr_roman,complaint,CCTV camera,,,,1,40,Medium,test,mr_roman-complaint-2,synthetic_template
LL01714,5 lakh paryant personal loan 10 minitat mila. aatach click kara,mr_roman,spam,,,,,0,0,Ignore,train,mr_roman-spam-0,synthetic_template
LL00763,"हेलो सर, 1 बस के लिए स्लीपर बर्थ की कीमत बताइए।",hi,price_query,स्लीपर बर्थ,1 बस,,,0,50,Medium,train,hi-price_query-3,synthetic_template
LL01133,"नमस्कार, मला CCTV कॅमेरा ची किंमत जाणून घ्यायची आहे, बजेट साधारण 2 लाख. कृपया कॉल करा.",mr,price_query,CCTV कॅमेरा,,,2 लाख,0,45,Medium,train,mr-price_query-4,synthetic_template
LL00067,"Rate for seat covers, my budget is ₹3 lakh Please reply asap.",en,price_query,seat covers,,,₹3 lakh,1,60,Medium,val,en-price_query-6,synthetic_template
LL00907,आपने जो फ्लोरिंग लगाया था वो खराब हो गया है। यह ठीक नहीं है। बहुत ज़रूरी है।,hi,complaint,फ्लोरिंग,,,,1,40,Medium,train,hi-complaint-0,synthetic_template
LL01421,"तुमच्या बस व्यवसायासाठी 10 लाखांपर्यंत कर्ज मिळवा, कागदपत्रे नाहीत. आत्ताच क्लिक करा! धन्यवाद.",mr,spam,,,,,0,0,Ignore,train,mr-spam-7,synthetic_template
LL00355,"grow your travel business with guaranteed leads. limited offer, contcat us today",en,spam,,,,,0,0,Ignore,train,en-spam-10,synthetic_template
LL01433,"नमस्कार, फ्री क्रेडिट कार्ड ऑफर, वार्षिक शुल्क नाही. आत्ताच अर्ज करा.",mr,spam,,,,,0,0,Ignore,train,mr-spam-9,synthetic_template
LL00188,The luggage racks you installed is already damaged. This is unacceptable. Need this done this month,en,complaint,luggage racks,,,,1,40,Medium,train,en-complaint-0,synthetic_template
LL00284,Congratulations! You have won a free iPhone. Claim your prize,en,spam,,,,,0,0,Ignore,test,en-spam-1,synthetic_template
LL00353,"Grow your travel business with guaranteed leads. Limited offer, contact us today.",en,spam,,,,,0,0,Ignore,train,en-spam-10,synthetic_template
LL01304,"नमस्कार, म्युझिक सिस्टीम चे फिनिशिंग खूप वाईट आहे, ताबडतोब दुरुस्त करा. पुढच्या आठवड्यापर्यंत हवे.",mr,complaint,म्युझिक सिस्टीम,,,,1,40,Medium,train,mr-complaint-2,synthetic_template
LL01669,padde ek athavdyatach band padle. mala refund have,mr_roman,complaint,padde,,,,0,25,Low,train,mr_roman-complaint-3,synthetic_template
LL00474,"meri travels company Thane me hai, 25 bus me seat cover lagwana hai. kitna discount milega?",hinglish,bulk_order,seat cover,25 bus,Thane,,0,75,High,test,hinglish-bulk_order-1,synthetic_template
LL01147,तुम्ही कोल्हापूर मध्ये बॉडी पेंट चे काम करता का? दर सांगा.,mr,price_query,बॉडी पेंट,,कोल्हापूर,,0,40,Medium,train,mr-price_query-5,synthetic_template
LL00291,"Boost your Instagram fllowers by 5k. Ceap rates, DM now. Thanks",en,spam,,,,,0,0,Ignore,train,en-spam-2,synthetic_template
LL00149,"Hi, Need exterior paint for 50 buses, total budget 1 crore. Please call me. Please reply asap. Please call me.",en,bulk_order,exterior paint,50 buses,,1 crore,1,95,High,train,en-bulk_order-5,synthetic_template
LL01411,सर्व साड्यांवर एकावर एक फ्री. आजच दुकानात या. धन्यवाद,mr,spam,,,,,0,0,Ignore,train,mr-spam-6,synthetic_template
LL01547,"hello sir, majhi travels company Pune madhe aahe, 120 seats madhe sleeper berth basvaycha aahe. kiti sut milel",mr_roman,bulk_order,sleeper berth,120 seats,Pune,,0,75,High,train,mr_roman-bulk_order-1,synthetic_template
LL00732,बस सीट का रेट क्या है? कृपया कॉल करें।,hi,price_query,बस सीट,,,,0,35,Low,train,hi-price_query-0,synthetic_template
LL00613,hi Nagpur me meri bus ki delivery 10 din late hui aur koi pone nahi utha raha agle hafte tak chahiye,hinglish,complaint,,,Nagpur,,1,40,Medium,train,hinglish-complaint-4,synthetic_template
LL00773,"नमस्ते, मुझे लगेज रैक की कीमत जाननी है, बजट लगभग 40 हज़ार है।",hi,price_query,लगेज रैक,,,40 हज़ार,0,45,Medium,val,hi-price_query-4,synthetic_template
LL00824,हमें 15 बसों के लिए म्यूजिक सिस्टम चाहिए। थोक में क्या रेट मिलेगा? बहुत ज़रूरी है। कृपया कॉल करें।,hi,bulk_order,म्यूजिक सिस्टम,15 बसों,,,1,85,High,val,hi-bulk_order-0,synthetic_template
LL01282,"मी LED लाईट चे पैसे दिले, पण काम अजून अपूर्ण आहे",mr,complaint,LED लाईट,,,,0,25,Low,test,mr-complaint-1,synthetic_template
LL00690,sabhi sarees pe 1 ke saath 1 free. aaj hi dukaan aao thanks,hinglish,spam,,,,,0,0,Ignore,train,hinglish-spam-6,synthetic_template
LL00947,लगेज रैक एक हफ्ते में ही बंद हो गया। मुझे रिफंड चाहिए। कृपया कॉल करें।,hi,complaint,लगेज रैक,,,,0,25,Low,train,hi-complaint-3,synthetic_template
LL00020,"Hi, Can you share the rate for bus wrap? Need it for 3 buses. Please reply asap.",en,price_query,bus wrap,3 buses,,,1,65,Medium,train,en-price_query-1,synthetic_template
LL00075,What would it cost to get luggage racks done on my bus? I'm in Ahmedabad. Please reply asap.,en,price_query,luggage racks,,Ahmedabad,,1,55,Medium,train,en-price_query-7,synthetic_template
LL01511,"namaskar, tumhi belgaum madhe body paint che kaam karta ka? dar sanga",mr_roman,price_query,body paint,,belgaum,,0,40,Medium,train,mr_roman-price_query-5,synthetic_template
LL00380,bhai Ahmedabad me seat cover lagwane ka kitna kharcha aayega?,hinglish,price_query,seat cover,,Ahmedabad,,0,40,Medium,train,hinglish-price_query-1,synthetic_template
LL01214,"8 बसेस चा बल्क ऑर्डर द्यायचा आहे, लगेज रॅक हवे. बजेट 15 लाख. आजच बोलायचे आहे. कृपया कॉल करा.",mr,bulk_order,लगेज रॅक,8 बसेस,,15 लाख,1,95,High,train,mr-bulk_order-2,synthetic_template
LL00904,"नमस्ते, आपने जो स्लीपर बर्थ लगाया था वो खराब हो गया है। यह ठीक नहीं है।",hi,complaint,स्लीपर बर्थ,,,,0,25,Low,train,hi-complaint-0,synthetic_template
LL00037,"please send a quotation for roof-top ac. budget is around ₹75,000. required by next week.",en,price_query,roof-top ac,,,"₹75,000",1,60,Medium,test,en-price_query-3,synthetic_template
LL00716,"free credit card offer, koi annaul fee nahi. abhi apply karo",hinglish,spam,,,,,0,0,Ignore,test,hinglish-spam-9,synthetic_template
LL00224,ceiling panels stopped working witin a week. I want a refund.,en,complaint,ceiling panels,,,,0,25,Low,train,en-complaint-3,synthetic_template
LL01053,"हेलो सर, सारी साड़ियों पर एक के साथ एक फ्री। आज ही दुकान पर आएं। कृपया कॉल करें।",hi,spam,,,,,0,0,Ignore,test,hi-spam-6,synthetic_template
LL01485,1 bus sathi seat cover chi kimmat sanga aajach bolaycha aahe dhanyavad,mr_roman,price_query,seat cover,1 bus,,,1,65,Medium,train,mr_roman-price_query-3,synthetic_template
LL00021,"Hey, How much would ceiling panels cost for 1 seats in Mumbai?",en,price_query,ceiling panels,1 seats,Mumbai,,0,55,Medium,train,en-price_query-2,synthetic_template
LL01220,"नमस्कार, आमच्याकडे 8 बसेस आहेत, सर्वांमध्ये CCTV कॅमेरा बसवायचे आहे. कृपया कॉल करा.",mr,bulk_order,CCTV कॅमेरा,8 बसेस,,,0,70,High,test,mr-bulk_order-3,synthetic_template
LL00705,"apne travel business ke liye guaranteed leads pao. limited offer, aaj hi contact karo call karna",hinglish,spam,,,,,0,0,Ignore,train,hinglish-spam-8,synthetic_template
LL00864,"हमारे पास 5 बस हैं, सभी में म्यूजिक सिस्टम लगवाना है। कृपया कॉल करें।",hi,bulk_order,म्यूजिक सिस्टम,5 बस,,,0,70,High,test,hi-bulk_order-3,synthetic_template
LL00300,We offer SEO and website ranking services. Guaranteed first page on Google.,en,spam,,,,,0,0,Ignore,train,en-spam-3,synthetic_template
LL01092,CCTV कॅमेरा चा रेट काय आहे?,mr,price_query,CCTV कॅमेरा,,,,0,35,Low,train,mr-price_query-0,synthetic_template
LL01222,"आमच्याकडे 50 बसेस आहेत, सर्वांमध्ये लगेज रॅक बसवायचे आहे. कृपया कॉल करा",mr,bulk_order,लगेज रॅक,50 बसेस,,,0,70,High,test,mr-bulk_order-3,synthetic_template
LL00347,Get a loan for your bus business up to 10 lakh with zero documentation. Click now!,en,spam,,,,,0,0,Ignore,train,en-spam-9,synthetic_template
LL01221,"नमस्कार, आमच्याकडे 40 नग आहेत, सर्वांमध्ये LED लाईट बसवायचे आहे. कृपया कॉल करा. पुढच्या आठवड्यापर्यंत हवे. धन्यवाद.",mr,bulk_order,LED लाईट,40 नग,,,1,85,High,test,mr-bulk_order-3,synthetic_template
LL01737,"instagram followers 50k vadhva, swasta dar. dm kara call kara",mr_roman,spam,,,,,0,0,Ignore,train,mr_roman-spam-2,synthetic_template
LL00998,5 लाख तक का पर्सनल लोन 30 मिनट में पाएं। अभी क्लिक करें!,hi,spam,,,,,0,0,Ignore,train,hi-spam-0,synthetic_template
LL01219,"आमच्याकडे 250 सेट आहेत, सर्वांमध्ये सीलिंग पॅनल बसवायचे आहे. कृपया कॉल करा.",mr,bulk_order,सीलिंग पॅनल,250 सेट,,,0,70,High,test,mr-bulk_order-3,synthetic_template
LL00990,"हेलो सर, वारंटी में CCTV कैमरा बदलवाना है, एक महीने में टूट गया। कृपया कॉल करें।",hi,complaint,CCTV कैमरा,,,,0,25,Low,train,hi-complaint-5,synthetic_template
LL01335,"नमस्कार, कल्याण मध्ये माझ्या बसची डिलिव्हरी 10 दिवस उशिरा झाली आणि कोणी फोन उचलत नाही. कृपया कॉल करा.",mr,complaint,,,कल्याण,,0,25,Low,train,mr-complaint-4,synthetic_template
LL00499,"hamarre paas 40 buses hai, sabmme bus wrap laagwana hai. please call karo",hinglish,bulk_order,bus wrap,40 buses,,,0,70,High,val,hinglish-bulk_order-3,synthetic_template
LL01607,"namaskar, 80 sets stahi cctv camera cha ghau dar sanga, ekun bdget 8 lakh aahe",mr_roman,bulk_order,cctv camera,80 sets,,8 lakh,0,80,High,train,mr_roman-bulk_order-5,synthetic_template
LL00886,"नमस्ते, 150 सेट के लिए बस सीट का थोक रेट बताइए, कुल बजट 50 लाख है। कृपया कॉल करें।",hi,bulk_order,बस सीट,150 सेट,,50 लाख,0,80,High,train,hi-bulk_order-5,synthetic_template
LL00918,"मैंने लगेज रैक के पैसे दे दिए, लेकिन काम अभी तक अधूरा है।",hi,complaint,लगेज रैक,,,,0,25,Low,val,hi-complaint-1,synthetic_template
LL00898,"8 बस के लिए सीट कवर का थोक रेट बताइए, कुल बजट ₹50 लाख है। धन्यवाद।",hi,bulk_order,सीट कवर,8 बस,,₹50 लाख,0,80,High,train,hi-bulk_order-5,synthetic_template
LL01616,"12 buses sathhi roof top ac cha ghau dar sanga, ekun budet 8 lakh rupaye aahe pudhchya athavdyaparyant have",mr_roman,bulk_order,roof top ac,12 buses,,8 lakh rupaye,1,95,High,train,mr_roman-bulk_order-5,synthetic_template
LL01136,"मला स्लीपर बर्थ ची किंमत जाणून घ्यायची आहे, बजेट साधारण ₹3 लाख.",mr,price_query,स्लीपर बर्थ,,,₹3 लाख,0,45,Medium,train,mr-price_query-4,synthetic_template
LL01577,"hello sir, amchyakade 40 seats aahet, sarvamadhe sleeper berth basvaycha aahe. please call kara",mr_roman,bulk_order,sleeper berth,40 seats,,,0,70,High,train,mr_roman-bulk_order-3,synthetic_template
LL00310,earn 10000 per day working from home. whatsapp us. thanks.,en,spam,,,,,0,0,Ignore,train,en-spam-4,synthetic_template
LL01431,"तुमच्या ट्रॅव्हल व्यवसायासाठी हमखास लीड्स मिळवा. मर्यादित ऑफर, आजच संपर्क साधा. धन्यवाद",mr,spam,,,,,0,0,Ignore,val,mr-spam-8,synthetic_template
LL00974,"नमस्ते, इंदौर में मेरी बस की डिलीवरी 10 दिन लेट हुई और कोई फोन नहीं उठा रहा। धन्यवाद।",hi,complaint,,,इंदौर,,0,25,Low,train,hi-complaint-4,synthetic_template
LL00405,hello sir 1 bus ke liye pushback seats ki price batao,hinglish,price_query,pushback seats,1 bus,,,0,50,Medium,train,hinglish-price_query-3,synthetic_template
LL01486,10 nag stahi CCTV camera chi kimamt sanga,mr_roman,price_query,CCTV camera,10 nag,,,0,50,Medium,train,mr_roman-price_query-3,synthetic_template
LL00437,hello sir curtains ki prie list bhejo,hinglish,price_query,curtains,,,,0,35,Low,train,hinglish-price_query-6,synthetic_template
LL01583,"achyakade 8 buses aahet, sarvaamdhe flooring basvaycha aahe. pleaase call kara pudhchya athavdyaparyant have",mr_roman,bulk_order,flooring,8 buses,,,1,85,High,train,mr_roman-bulk_order-3,synthetic_template
LL00932,"पर्दे की फिनिशिंग बहुत खराब है, तुरंत ठीक करवाइए। कृपया कॉल करें।",hi,complaint,पर्दे,,,,0,25,Low,test,hi-complaint-2,synthetic_template
LL00724,बस रैप का रेट क्या है? बहुत ज़रूरी है।,hi,price_query,बस रैप,,,,1,50,Medium,train,hi-price_query-0,synthetic_template
LL00656,"instagram followers 1k badhao, sasta rate. DM karo",hinglish,spam,,,,,0,0,Ignore,train,hinglish-spam-2,synthetic_template
LL00506,"bhai hamare paas 150 seats hai, sabme luggage rack lagwana hai. please call karo",hinglish,bulk_order,luggage rack,150 seats,,,0,70,High,val,hinglish-bulk_order-3,synthetic_template
LL00549,hello sir jo seat cover aapne lagaya tha wo kharab ho gaya. ye theek nahi hai call karna,hinglish,complaint,seat cover,,,,0,25,Low,train,hinglish-complaint-0,synthetic_template
LL01629,tumhi basvlele sleeper berth kharab zale aahe. he barobar nahi khup urgent aahe,mr_roman,complaint,sleeper berth,,,,1,40,Medium,train,mr_roman-complaint-0,synthetic_template
LL01492,1 seats sathi luggage rack chi kimmat sanga,mr_roman,price_query,luggage rack,1 seats,,,0,50,Medium,train,mr_roman-price_query-3,synthetic_template
LL00982,"वारंटी में फ्लोरिंग बदलवाना है, एक महीने में टूट गया।",hi,complaint,फ्लोरिंग,,,,0,25,Low,train,hi-complaint-5,synthetic_template
LL01303,"नमस्कार, सीलिंग पॅनल चे फिनिशिंग खूप वाईट आहे, ताबडतोब दुरुस्त करा",mr,complaint,सीलिंग पॅनल,,,,0,25,Low,train,mr-complaint-2,synthetic_template
LL01465,"hello sir, surat madhe flooring basvayla kiti kharch yeil?",mr_roman,price_query,flooring,,surat,,0,40,Medium,val,mr_roman-price_query-1,synthetic_template
LL00650,"instagram followers 5k badhao, sasta rate. dm karo",hinglish,spam,,,,,0,0,Ignore,train,hinglish-spam-2,synthetic_template
LL00668,crypto me invest karo aur 5 din me paisa double karo,hinglish,spam,,,,,0,0,Ignore,val,hinglish-spam-4,synthetic_template
LL01428,"नमस्कार, तुमच्या ट्रॅव्हल व्यवसायासाठी हमखास लीड्स मिळवा. मर्यादित ऑफर, आजच संपर्क साधा.",mr,spam,,,,,0,0,Ignore,val,mr-spam-8,synthetic_template
LL00750,कृपया बॉडी पेंट का कोटेशन भेजें। बजट 30000 रुपये है। कृपया कॉल करें।,hi,price_query,बॉडी पेंट,,,30000 रुपये,0,45,Medium,train,hi-price_query-2,synthetic_template
LL01297,"बॉडी पेंट चे फिनिशिंग खूप वाईट आहे, ताबडतोब दुरुस्त करा. पुढच्या आठवड्यापर्यंत हवे. कृपया कॉल करा.",mr,complaint,बॉडी पेंट,,,,1,40,Medium,train,mr-complaint-2,synthetic_template
LL00634,2 lakh tak personal loan pao 30 minute me. abhi click karo!,hinglish,spam,,,,,0,0,Ignore,val,hinglish-spam-0,synthetic_template
LL01124,1 बस साठी CCTV कॅमेरा ची किंमत सांगा,mr,price_query,CCTV कॅमेरा,1 बस,,,0,50,Medium,val,mr-price_query-3,synthetic_template
LL01519,flooring chi price list pathva,mr_roman,price_query,flooring,,,,0,35,Low,test,mr_roman-price_query-6,synthetic_template
LL01623,"dada, tumhi basvlele padde kharab zale aahe. he barobar nahi",mr_roman,complaint,padde,,,,0,25,Low,train,mr_roman-complaint-0,synthetic_template
LL00031,"Pelase send a quotation for music system. Budgt is around ₹20,000.",en,price_query,music system,,,"₹20,000",0,45,Medium,test,en-price_query-3,synthetic_template
LL00395,please bus wrap ka quotation bhej do. budget 1l hai,hinglish,price_query,bus wrap,,,1l,0,45,Medium,train,hinglish-price_query-2,synthetic_template
LL00486,"hello sir bulk order dena hai 5 bus ka, flooring chahiye. budget 1 cr agle hafte tak chahiye",hinglish,bulk_order,flooring,5 bus,,1 cr,1,95,High,train,hinglish-bulk_order-2,synthetic_template
LL01684,"hello sir, Indore madhe majhya bus chi delivery 10 divas ushira zali ani koni phone uchalat nahi",mr_roman,complaint,,,Indore,,0,25,Low,train,mr_roman-complaint-4,synthetic_template
LL01440,"हॅलो सर, फ्री क्रेडिट कार्ड ऑफर, वार्षिक शुल्क नाही. आत्ताच अर्ज करा",mr,spam,,,,,0,0,Ignore,train,mr-spam-9,synthetic_template
LL01734,"instagram followers 10k vadhva, swasta dar. DM kara",mr_roman,spam,,,,,0,0,Ignore,train,mr_roman-spam-2,synthetic_template
LL00820,"नमस्ते, हमें 40 बस के लिए LED लाइट चाहिए। थोक में क्या रेट मिलेगा?",hi,bulk_order,LED लाइट,40 बस,,,0,70,High,val,hi-bulk_order-0,synthetic_template
LL01560,"majhi travels company Nanded madhe aahe, 50 bus madhe padde basvaycha aahe. kiti sut milel? khup urgent aahe call kara",mr_roman,bulk_order,padde,50 bus,Nanded,,1,90,High,train,mr_roman-bulk_order-1,synthetic_template
LL01683,Bengaluru madhe majhya bus chi delivery 10 divas ushira zali ani koni phone uchalat nahi,mr_roman,complaint,,,Bengaluru,,0,25,Low,train,mr_roman-complaint-4,synthetic_template
LL00550,jo music system aapne lagaya tha wo kharab ho gaya. ye theek nahi hai jaldi reply karo dhanyavad,hinglish,complaint,music system,,,,1,40,Medium,train,hinglish-complaint-0,synthetic_template
LL01138,"हॅलो सर, मला रूफ टॉप AC ची किंमत जाणून घ्यायची आहे, बजेट साधारण 40000 रुपये",mr,price_query,रूफ टॉप AC,,,40000 रुपये,0,45,Medium,train,mr-price_query-4,synthetic_template
LL00163,"Ordeing exterior wrap for 10 buses in Mumbai, please confirm the wholesaale rate.",en,bulk_order,exterior wrap,10 buses,Mumbai,,0,75,High,train,en-bulk_order-6,synthetic_template
LL00260,"Hey, Warranty claim for roof-top AC. It broke after one month",en,complaint,roof-top AC,,,,0,25,Low,train,en-complaint-6,synthetic_template
LL01548,"majhi travels company Ahmedabad madhe aahe, 30 bus madhe bus wrap basvaycha aahe. kiti sut milel?",mr_roman,bulk_order,bus wrap,30 bus,Ahmedabad,,0,75,High,train,mr_roman-bulk_order-1,synthetic_template
LL01641,mi bus wrap che paise dile pan kaam ajun apurna aahe,mr_roman,complaint,bus wrap,,,,0,25,Low,train,mr_roman-complaint-1,synthetic_template
LL00991,3 लाख तक का पर्सनल लोन 5 मिनट में पाएं। अभी क्लिक करें!,hi,spam,,,,,0,0,Ignore,train,hi-spam-0,synthetic_template
LL01284,"मी पडदे चे पैसे दिले, पण काम अजून अपूर्ण आहे.",mr,complaint,पडदे,,,,0,25,Low,test,mr-complaint-1,synthetic_template
LL00960,बस रैप एक हफ्ते में ही बंद हो गया। मुझे रिफंड चाहिए। अगले हफ्ते तक चाहिए।,hi,complaint,बस रैप,,,,1,40,Medium,train,hi-complaint-3,synthetic_template
LL01246,"हॅलो सर, 15 बसेस साठी सीलिंग पॅनल चा घाऊक दर सांगा, एकूण बजेट ₹8 लाख आहे. खूप अर्जंट आहे.",mr,bulk_order,सीलिंग पॅनल,15 बसेस,,₹8 लाख,1,95,High,val,mr-bulk_order-5,synthetic_template
LL00321,"dear sir, we are a supplier of cheap led lights from china. reply for a catalogue.",en,spam,,,,,0,0,Ignore,val,en-spam-6,synthetic_template
LL00143,Our fleet of 15 buses needs full body paint. Can we schedule a visit to Latur? Need it urgently.,en,bulk_order,full body paint,15 buses,Latur,,1,90,High,train,en-bulk_order-4,synthetic_template
LL00011,Can you share the rate for exterior paint? Need it for 1 bus. Thanks,en,price_query,exterior paint,1 bus,,,0,50,Medium,train,en-price_query-1,synthetic_template
LL01627,"namaskar, tumhi basvlele padde kharab zale aahe. he barobar nahi khup urgent aahe",mr_roman,complaint,padde,,,,1,40,Medium,train,mr_roman-complaint-0,synthetic_template
LL01495,"namaskar, mala music system chi kimmat janun ghyaychi aahe, budget saadharan 1.5 lakh rupaye aajach bolaycha aahe",mr_roman,price_query,music system,,,1.5 lakh rupaye,1,60,Medium,train,mr_roman-price_query-4,synthetic_template
LL01569,"bulk order dyaycha aahe 60 nag cha, bus wrap have. budget Rs 25 lakh thanks",mr_roman,bulk_order,bus wrap,60 nag,,Rs 25 lakh,0,80,High,val,mr_roman-bulk_order-2,synthetic_template
LL01040,गूगल पर पहले पेज की गारंटी के साथ SEO सर्विस पाएं। कृपया कॉल करें।,hi,spam,,,,,0,0,Ignore,train,hi-spam-5,synthetic_template
LL00084,"Quote for 1 seats with PVC flooring, budget Rs 1 lakh Please call me.",en,price_query,PVC flooring,1 seats,,Rs 1 lakh,0,60,Medium,train,en-price_query-8,synthetic_template
LL01736,"instagram followes 1k vadhva, sasta dar. DM kara",mr_roman,spam,,,,,0,0,Ignore,train,mr_roman-spam-2,synthetic_template
LL01615,"50 bus saathi bus wrap cha ghau dar sanga, ekun budet 1 koti aahe call kara",mr_roman,bulk_order,bus wrap,50 bus,,1 koti,0,80,High,train,mr_roman-bulk_order-5,synthetic_template
LL01544,ammhala 40 buses satih music system have aahe. ghau dar kay asel? call kara,mr_roman,bulk_order,music system,40 buses,,,0,70,High,train,mr_roman-bulk_order-0,synthetic_template
LL00966,"नमस्ते, अहमदाबाद में मेरी बस की डिलीवरी 10 दिन लेट हुई और कोई फोन नहीं उठा रहा। अगले हफ्ते तक चाहिए।",hi,complaint,,,अहमदाबाद,,1,40,Medium,train,hi-complaint-4,synthetic_template
LL00357,"Grow your travel business with guaranteed leads. Limtied offer, contact us today.",en,spam,,,,,0,0,Ignore,train,en-spam-10,synthetic_template
LL00809,सीलिंग पैनल का प्राइस लिस्ट भेज दीजिए कृपया कॉल करें।,hi,price_query,सीलिंग पैनल,,,,0,35,Low,test,hi-price_query-6,synthetic_template
LL00516,"namaste solapur delivery ke liye 8 bus me curtains chahiye, 3 weeks me",hinglish,bulk_order,curtains,8 bus,solapur,,0,75,High,train,hinglish-bulk_order-4,synthetic_template
LL01783,"tumchya travel vyavsayasathi guaranteed leads mila. limited offer, aajach contact kara",mr_roman,spam,,,,,0,0,Ignore,val,mr_roman-spam-8,synthetic_template
LL00257,"hey, the sleeper berths does not mtch what was promised. need someone to inspect it.",en,complaint,sleeper berths,,,,0,25,Low,val,en-complaint-5,synthetic_template
LL01128,"नमस्कार, 1 बस साठी रूफ टॉप AC ची किंमत सांगा.",mr,price_query,रूफ टॉप AC,1 बस,,,0,50,Medium,val,mr-price_query-3,synthetic_template
LL01195,"माझी ट्रॅव्हल कंपनी लातूर मध्ये आहे, 15 बसेस मध्ये CCTV कॅमेरा बसवायचे आहे. किती सूट मिळेल?",mr,bulk_order,CCTV कॅमेरा,15 बसेस,लातूर,,0,75,High,train,mr-bulk_order-1,synthetic_template
LL00375,Kolhapur me music system lagwane ka kitna kharcha aayega?,hinglish,price_query,music system,,Kolhapur,,0,40,Medium,train,hinglish-price_query-1,synthetic_template
LL00594,namaste bus seats ek hafte me hi band ho gaya. mujhe refund chahiye agle hafte tak chahiye,hinglish,complaint,bus seats,,,,1,40,Medium,val,hinglish-complaint-3,synthetic_template
LL01523,music system chi price list pathva,mr_roman,price_query,music system,,,,0,35,Low,test,mr_roman-price_query-6,synthetic_template
LL01753,cryto madhe invest kara ani 3 divsat paise duple kara dhanyavad,mr_roman,spam,,,,,0,0,Ignore,train,mr_roman-spam-4,synthetic_template
LL00825,हमें 20 बस के लिए LED लाइट चाहिए। थोक में क्या रेट मिलेगा?,hi,bulk_order,LED लाइट,20 बस,,,0,70,High,val,hi-bulk_order-0,synthetic_template
LL00736,"नमस्ते, गोवा में म्यूजिक सिस्टम लगवाने का खर्च कितना आएगा?",hi,price_query,म्यूजिक सिस्टम,,गोवा,,0,40,Medium,train,hi-price_query-1,synthetic_template
LL00210,Very poor finish on the PVC flooring. Please fix it immediately.,en,complaint,PVC flooring,,,,0,25,Low,train,en-complaint-2,synthetic_template
LL00446,namaste sir pushback seats kitne ka padega 3 buses me,hinglish,price_query,pushback seats,3 buses,,,0,50,Medium,test,hinglish-price_query-7,synthetic_template
LL01343,"नमस्कार, वॉरंटीमध्ये पडदे बदलून हवे आहे, एका महिन्यात तुटले",mr,complaint,पडदे,,,,0,25,Low,val,mr-complaint-5,synthetic_template
LL00645,congratulations! aapne free iPohne jeeta hai. abhi claim karo thanks,hinglish,spam,,,,,0,0,Ignore,train,hinglish-spam-1,synthetic_template
LL01416,"तुमच्या बस व्यवसायासाठी 1 लाखांपर्यंत कर्ज मिळवा, कागदपत्रे नाहीत. आत्ताच क्लिक करा",mr,spam,,,,,0,0,Ignore,train,mr-spam-7,synthetic_template
LL00391,please sleeper berth ka quotation bhej do. budget 50k hai thanks,hinglish,price_query,sleeper berth,,,50k,0,45,Medium,train,hinglish-price_query-2,synthetic_template
LL01748,crypto madhe invest kara ani 15 divsat paise dupple kara,mr_roman,spam,,,,,0,0,Ignore,train,mr_roman-spam-4,synthetic_template
LL00195,I paid for PVC flooring but the work is still incompltee after 2 weeks.,en,complaint,PVC flooring,,,,0,25,Low,train,en-complaint-1,synthetic_template
LL00053,Price list for pushback seats please,en,price_query,pushback seats,,,,0,35,Low,train,en-price_query-5,synthetic_template
LL01236,"नमस्कार, हैदराबाद मध्ये डिलिव्हरीसाठी 5 बस मध्ये सीलिंग पॅनल हवे, 3 आठवड्यात",mr,bulk_order,सीलिंग पॅनल,5 बस,हैदराबाद,,0,75,High,train,mr-bulk_order-4,synthetic_template
LL00307,Earn 2000 per day working from home. WhatsApp us.,en,spam,,,,,0,0,Ignore,train,en-spam-4,synthetic_template
LL00392,please cctv camera ka quotation bhej do. budget 3l hai,hinglish,price_query,cctv camera,,,3l,0,45,Medium,train,hinglish-price_query-2,synthetic_template
LL00642,congratulations! aapne free iPhone jeeeta hai. abhi claim karo,hinglish,spam,,,,,0,0,Ignore,train,hinglish-spam-1,synthetic_template
LL01602,"hello sir, Sangli madhe delivery sathi 5 bus madhe roof top AC have, 3 athavdyat dhanyavad",mr_roman,bulk_order,roof top AC,5 bus,Sangli,,0,75,High,test,mr_roman-bulk_order-4,synthetic_template
LL00560,maine seat cover ke paise de diye lekin kaam abhi tak adhura hai aaj hi baat karni hai,hinglish,complaint,seat cover,,,,1,40,Medium,train,hinglish-complaint-1,synthetic_template
LL00640,congratulations! aapne free iphone jeeta hai. abhi claim karo,hinglish,spam,,,,,0,0,Ignore,train,hinglish-spam-1,synthetic_template
LL01202,"25 बसेस चा बल्क ऑर्डर द्यायचा आहे, म्युझिक सिस्टीम हवे. बजेट 5 लाख.",mr,bulk_order,म्युझिक सिस्टीम,25 बसेस,,5 लाख,0,80,High,train,mr-bulk_order-2,synthetic_template
LL00209,Very poor finish on the LED lights. Please fix it immediately. Need it urgently.,en,complaint,LED lights,,,,1,40,Medium,train,en-complaint-2,synthetic_template
LL00670,crypto me inevst karo aur 3 din me paisa doouble karo,hinglish,spam,,,,,0,0,Ignore,val,hinglish-spam-4,synthetic_template
LL00937,"स्लीपर बर्थ की फिनिशिंग बहुत खराब है, तुरंत ठीक करवाइए। जल्दी चाहिए।",hi,complaint,स्लीपर बर्थ,,,,1,40,Medium,test,hi-complaint-2,synthetic_template
LL01518,"namaskar, tumhi Ahmedabad madhe bus wrap che kaam karta ka? dar sanga",mr_roman,price_query,bus wrap,,Ahmedabad,,0,40,Medium,train,mr_roman-price_query-5,synthetic_template
LL01636,mi sleeper berth che paise dile pan kaam ajun apurna aahe khup urgent aahe,mr_roman,complaint,sleeper berth,,,,1,40,Medium,train,mr_roman-complaint-1,synthetic_template
LL00256,The bus seats does not match what was promised. Need someone to inspect it,en,complaint,bus seats,,,,0,25,Low,val,en-complaint-5,synthetic_template
LL00383,Nashik me LED lights lagwane ka kitna kharha aayega? jaldi reply karo,hinglish,price_query,LED lights,,Nashik,,1,55,Medium,train,hinglish-price_query-1,synthetic_template
LL00949,"नमस्ते, सीलिंग पैनल एक हफ्ते में ही बंद हो गया। मुझे रिफंड चाहिए।",hi,complaint,सीलिंग पैनल,,,,0,25,Low,train,hi-complaint-3,synthetic_template
LL01705,"warranty madhe pushback seats badlun hava aahe, ek mahinyat tutle thanks",mr_roman,complaint,pushback seats,,,,0,25,Low,val,mr_roman-complaint-5,synthetic_template
LL01796,"free credit card offer, annual fee nahi. aataach apply kara dhanyavad",mr_roman,spam,,,,,0,0,Ignore,train,mr_roman-spam-9,synthetic_template
LL00609,hello sir hyderabad me meri bus ki delivery 10 din late hui aur koi phone nahi utha raha,hinglish,complaint,,,hyderabad,,0,25,Low,train,hinglish-complaint-4,synthetic_template
LL00746,"हेलो सर, औरंगाबाद में LED लाइट लगवाने का खर्च कितना आएगा? अगले हफ्ते तक चाहिए। धन्यवाद।",hi,price_query,LED लाइट,,औरंगाबाद,,1,55,Medium,train,hi-price_query-1,synthetic_template
LL01355,3 लाखांपर्यंत पर्सनल लोन 30 मिनिटांत मिळवा. आत्ताच क्लिक करा,mr,spam,,,,,0,0,Ignore,val,mr-spam-0,synthetic_template
LL00801,"हेलो सर, बॉडी पेंट का प्राइस लिस्ट भेज दीजिए कृपया कॉल करें।",hi,price_query,बॉडी पेंट,,,,0,35,Low,test,hi-price_query-6,synthetic_template
LL01271,तुम्ही बसवलेले लगेज रॅक खराब झाले आहे. हे योग्य नाही. कृपया कॉल करा,mr,complaint,लगेज रॅक,,,,0,25,Low,train,mr-complaint-0,synthetic_template
LL01094,"हॅलो सर, बेळगाव मध्ये CCTV कॅमेरा बसवायला किती खर्च येईल",mr,price_query,CCTV कॅमेरा,,बेळगाव,,0,40,Medium,train,mr-price_query-1,synthetic_template
LL01031,क्रिप्टो में निवेश करें और 15 दिन में पैसा डबल करें।,hi,spam,,,,,0,0,Ignore,val,hi-spam-4,synthetic_template
LL01559,"majhi travels company jalgaon madhe aahe, 40 bus madhe luggage rack basvaycha aahe. kiti sut milel",mr_roman,bulk_order,luggage rack,40 bus,jalgaon,,0,75,High,train,mr_roman-bulk_order-1,synthetic_template
LL00630,"warranty me CCTV camera change karwana hai, ek mahine me toot gaya thanks",hinglish,complaint,CCTV camera,,,,0,25,Low,test,hinglish-complaint-5,synthetic_template
LL01725,"dada, abhinandan! tumhi free iPhone jinkla aahe. aatach claim kara",mr_roman,spam,,,,,0,0,Ignore,val,mr_roman-spam-1,synthetic_template
LL01037,गूगल पर पहले पेज की गारंटी के साथ SEO सर्विस पाएं।,hi,spam,,,,,0,0,Ignore,train,hi-spam-5,synthetic_template
LL01480,20 seats sathi seat cover chi kimmat sanga dhanyavad,mr_roman,price_query,seat cover,20 seats,,,0,50,Medium,train,mr_roman-price_query-3,synthetic_template
LL00312,"Hi, Earn 2000 per day working from home. WhatsApp us",en,spam,,,,,0,0,Ignore,train,en-spam-4,synthetic_template
LL00088,"Qutoe for 45 sets with music system, budet ₹50,000",en,price_query,music system,45 sets,,"₹50,000",0,60,Medium,train,en-price_query-8,synthetic_template
LL01522,seat cover chi prce list pathva,mr_roman,price_query,seat cover,,,,0,35,Low,test,mr_roman-price_query-6,synthetic_template
LL00923,"मैंने म्यूजिक सिस्टम के पैसे दे दिए, लेकिन काम अभी तक अधूरा है।",hi,complaint,म्यूजिक सिस्टम,,,,0,25,Low,val,hi-complaint-1,synthetic_template
LL01331,बेंगळुरू मध्ये माझ्या बसची डिलिव्हरी 10 दिवस उशिरा झाली आणि कोणी फोन उचलत नाही. कृपया कॉल करा.,mr,complaint,,,बेंगळुरू,,0,25,Low,train,mr-complaint-4,synthetic_template
LL01653,"bus wrap che finishing khup vait aahe, tatkal durust kara",mr_roman,complaint,bus wrap,,,,0,25,Low,test,mr_roman-complaint-2,synthetic_template
LL00333,"free credit card offer, no annual fee. appyl now.",en,spam,,,,,0,0,Ignore,val,en-spam-7,synthetic_template
LL01090,"नमस्कार, लगेज रॅक चा रेट काय आहे?",mr,price_query,लगेज रॅक,,,,0,35,Low,train,mr-price_query-0,synthetic_template
LL00012,Can you share the rate for exterior paint? Need it for 1 bus. Please call me.,en,price_query,exterior paint,1 bus,,,0,50,Medium,train,en-price_query-1,synthetic_template
LL00316,Invest in crypto and double your money in 3 days.,en,spam,,,,,0,0,Ignore,train,en-spam-5,synthetic_template
LL00659,ghar baithe roz 10000 kamao. WhatsApp karo,hinglish,spam,,,,,0,0,Ignore,train,hinglish-spam-3,synthetic_template
LL01777,"tumchya bus vyavsayasathi 2 lakh paryant loan mila, kagdapatre nahit. aatach click kara",mr_roman,spam,,,,,0,0,Ignore,test,mr_roman-spam-7,synthetic_template
LL01538,amhala 20 buses sathi seat cover have aahe. ghau dar kay asel? khup urgent aahe,mr_roman,bulk_order,seat cover,20 buses,,,1,85,High,train,mr_roman-bulk_order-0,synthetic_template
LL01689,Goa madhe majhya bus chi delivery 10 divas ushira zali ani koni phone uchalat nahi call kara,mr_roman,complaint,,,Goa,,0,25,Low,train,mr_roman-complaint-4,synthetic_template
LL01456,Nagpur madhe seat cover basvayla kiti kharch yeil? khup urgent aahe thanks,mr_roman,price_query,seat cover,,Nagpur,,1,55,Medium,val,mr_roman-price_query-1,synthetic_template
LL01161,"हॅलो सर, लगेज रॅक ची प्राईस लिस्ट पाठवा",mr,price_query,लगेज रॅक,,,,0,35,Low,train,mr-price_query-6,synthetic_template
LL00813,"नमस्ते, हमें 10 बसों के लिए स्लीपर बर्थ चाहिए। थोक में क्या रेट मिलेगा? बहुत ज़रूरी है।",hi,bulk_order,स्लीपर बर्थ,10 बसों,,,1,85,High,val,hi-bulk_order-0,synthetic_template
LL01496,"mala seat cover chi kimmat janun ghyaychi aahe, budget saadharan 3 lakh rupaye call kara",mr_roman,price_query,seat cover,,,3 lakh rupaye,0,45,Medium,train,mr_roman-price_query-4,synthetic_template
LL01052,"नमस्ते, सारी साड़ियों पर एक के साथ एक फ्री। आज ही दुकान पर आएं। धन्यवाद।",hi,spam,,,,,0,0,Ignore,test,hi-spam-6,synthetic_template
LL01386,घरबसल्या रोज 2000 कमवा. WhatsApp करा,mr,spam,,,,,0,0,Ignore,train,mr-spam-3,synthetic_template
LL00173,we are a school in ahmedabad. need bus wrap for 12 buses. what is the best price? thank you.,en,bulk_order,bus wrap,12 buses,ahmedabad,,0,75,High,val,en-bulk_order-7,synthetic_template
LL00015,Can you share the rate for seat covers? Need it for 4 seats. Need it urgently. Thank you.,en,price_query,seat covers,4 seats,,,1,65,Medium,train,en-price_query-1,synthetic_template
LL01189,"माझी ट्रॅव्हल कंपनी कोल्हापूर मध्ये आहे, 50 बस मध्ये सीट कव्हर बसवायचे आहे. किती सूट मिळेल?",mr,bulk_order,सीट कव्हर,50 बस,कोल्हापूर,,0,75,High,train,mr-bulk_order-1,synthetic_template
LL00226,"Hello sir, window curtains sopped working within a week. I want a refund. Thank you.",en,complaint,window curtains,,,,0,25,Low,train,en-complaint-3,synthetic_template
LL01351,10 लाखांपर्यंत पर्सनल लोन 5 मिनिटांत मिळवा. आत्ताच क्लिक करा! धन्यवाद.,mr,spam,,,,,0,0,Ignore,val,mr-spam-0,synthetic_template
LL01453,"hello sir, luggage rack cha rate kay aahe? thanks",mr_roman,price_query,luggage rack,,,,0,35,Low,train,mr_roman-price_query-0,synthetic_template
LL01032,क्रिप्टो में निवेश करें और 10 दिन में पैसा डबल करें। धन्यवाद।,hi,spam,,,,,0,0,Ignore,val,hi-spam-4,synthetic_template
LL00554,sir jo cctv camera aapne lagaay tha wo kharab ho gaya. ye theek nahi hai urgent chahiye,hinglish,complaint,cctv camera,,,,1,40,Medium,train,hinglish-complaint-0,synthetic_template
LL01579,"amchyakade 200 seats aahet, sarvamadhe CCTV camera basvaycha aahe. please call kara",mr_roman,bulk_order,CCTV camera,200 seats,,,0,70,High,train,mr_roman-bulk_order-3,synthetic_template
LL00580,"cctv camera ki finishing bahut kharab hai, turaant theek karo",hinglish,complaint,cctv camera,,,,0,25,Low,train,hinglish-complaint-2,synthetic_template
LL00211,"hello sir, very poor finish on the cctv cameras. please fix it immediately",en,complaint,cctv cameras,,,,0,25,Low,train,en-complaint-2,synthetic_template
LL00238,Your team delayed my bus delivery in Latur by 10 days and nobody is answering my calls. Please call me,en,complaint,,,Latur,,0,25,Low,test,en-complaint-4,synthetic_template
LL01550,"hello sir, majhi travels company Latur madhe aahe, 25 bus madhe luggage rack basvaycha aahe. kiti sut milel? dhanyavad",mr_roman,bulk_order,luggage rack,25 bus,Latur,,0,75,High,train,mr_roman-bulk_order-1,synthetic_template
LL00349,get a loan for your bus business up to 3 lakh with zero documentation. click now! please call me.,en,spam,,,,,0,0,Ignore,train,en-spam-9,synthetic_template
LL00366,bhai vinyl branding ka rate kya hai,hinglish,price_query,vinyl branding,,,,0,35,Low,train,hinglish-price_query-0,synthetic_template
LL00623,"warranty me roof top ac change karwana hai, ek mahine me toot gaya jaldi reply karo",hinglish,complaint,roof top ac,,,,1,40,Medium,test,hinglish-complaint-5,synthetic_template
LL01155,तुम्ही कोल्हापूर मध्ये म्युझिक सिस्टीम चे काम करता का? दर सांगा. कृपया कॉल करा.,mr,price_query,म्युझिक सिस्टीम,,कोल्हापूर,,0,40,Medium,train,mr-price_query-5,synthetic_template
LL01374,"इंस्टाग्राम फॉलोअर्स 50k वाढवा, स्वस्त दर. आत्ताच DM करा.",mr,spam,,,,,0,0,Ignore,train,mr-spam-2,synthetic_template
LL00122,Looking to refurbish 100 sets with bus seats. Budget 25 lakh. When can you start?,en,bulk_order,bus seats,100 sets,,25 lakh,0,80,High,train,en-bulk_order-2,synthetic_template
LL01510,"dada, tumhi Navi Mumbai madhe music system che kaam karta ka? dar sanga",mr_roman,price_query,music system,,Navi Mumbai,,0,40,Medium,train,mr_roman-price_query-5,synthetic_template
LL00970,ठाणे में मेरी बस की डिलीवरी 10 दिन लेट हुई और कोई फोन नहीं उठा रहा।,hi,complaint,,,ठाणे,,0,25,Low,train,hi-complaint-4,synthetic_template
LL01772,sarva sayanvar ekavar ek free. aajach dukanat ya,mr_roman,spam,,,,,0,0,Ignore,train,mr_roman-spam-6,synthetic_template
LL00203,I paid for seat covers but the work is still incomplete after 2 weeks. Please reply asap.,en,complaint,seat covers,,,,1,40,Medium,train,en-complaint-1,synthetic_template
LL01329,"हॅलो सर, लातूर मध्ये माझ्या बसची डिलिव्हरी 10 दिवस उशिरा झाली आणि कोणी फोन उचलत नाही. खूप अर्जंट आहे.",mr,complaint,,,लातूर,,1,40,Medium,train,mr-complaint-4,synthetic_template
LL00239,"Hello sir, Your team delayyed my bus delivery in Hyderabad by 10 days and noboody is answering my calls",en,complaint,,,Hyderabad,,0,25,Low,test,en-complaint-4,synthetic_template
LL00655,"instagrm followers 5k badhao, sasa rate. DM karo",hinglish,spam,,,,,0,0,Ignore,train,hinglish-spam-2,synthetic_template
LL00883,"हैदराबाद डिलीवरी के लिए 12 बस में स्लीपर बर्थ चाहिए, 3 हफ्ते में। धन्यवाद।",hi,bulk_order,स्लीपर बर्थ,12 बस,हैदराबाद,,0,75,High,train,hi-bulk_order-4,synthetic_template
LL00674,crypto me invest karo aur 7 din me paisa double karo call karna,hinglish,spam,,,,,0,0,Ignore,val,hinglish-spam-4,synthetic_template
LL01146,तुम्ही इंदूर मध्ये बस सीट चे काम करता का? दर सांगा. पुढच्या आठवड्यापर्यंत हवे.,mr,price_query,बस सीट,,इंदूर,,1,55,Medium,train,mr-price_query-5,synthetic_template
LL01177,"नमस्कार, आम्हाला 40 बस साठी रूफ टॉप AC हवे आहे. घाऊक दर काय असेल?",mr,bulk_order,रूफ टॉप AC,40 बस,,,0,70,High,train,mr-bulk_order-0,synthetic_template
LL01061,"हेलो सर, अपने बस बिज़नेस के लिए 10 लाख तक का लोन पाएं, कोई डॉक्यूमेंट नहीं। अभी क्लिक करें",hi,spam,,,,,0,0,Ignore,test,hi-spam-7,synthetic_template
LL00288,Congratulations! You have won a free iPhone. Cliam your prize.,en,spam,,,,,0,0,Ignore,test,en-spam-1,synthetic_template
LL01593,"nagpur madhe delivery sathi 8 bus madhe pushback seats have, 3 athavdyat",mr_roman,bulk_order,pushback seats,8 bus,nagpur,,0,75,High,test,mr_roman-bulk_order-4,synthetic_template
LL00737,भोपाल में लगेज रैक लगवाने का खर्च कितना आएगा?,hi,price_query,लगेज रैक,,भोपाल,,0,40,Medium,train,hi-price_query-1,synthetic_template
LL01595,"Vasai madhe delivery sathi 250 seats madhe ceiling panel have, 3 athavdyat",mr_roman,bulk_order,ceiling panel,250 seats,Vasai,,0,75,High,test,mr_roman-bulk_order-4,synthetic_template
LL00891,"नमस्ते, 20 बसों के लिए स्लीपर बर्थ का थोक रेट बताइए, कुल बजट 10 लाख है।",hi,bulk_order,स्लीपर बर्थ,20 बसों,,10 लाख,0,80,High,train,hi-bulk_order-5,synthetic_template
LL01280,"मी बस रॅप चे पैसे दिले, पण काम अजून अपूर्ण आहे. कृपया कॉल करा.",mr,complaint,बस रॅप,,,,0,25,Low,test,mr-complaint-1,synthetic_template
LL00448,sir led lights kitne ka padega 1 bus me agle hafte tak chahiye call karna,hinglish,price_query,led lights,1 bus,,,1,65,Medium,test,hinglish-price_query-7,synthetic_template
LL00393,pleae music system ka quuotation bhej do. budget rs 1.5 lakh hai,hinglish,price_query,music system,,,rs 1.5 lakh,0,45,Medium,train,hinglish-price_query-2,synthetic_template
LL00250,The anti-skid flooring does not match what was promised. Need smeone to inspect it. Thanks.,en,complaint,anti-skid flooring,,,,0,25,Low,val,en-complaint-5,synthetic_template
LL01698,"warranty mdhe bus seats baddlun hava aahe, ek mahinyat tutle",mr_roman,complaint,bus seats,,,,0,25,Low,val,mr_roman-complaint-5,synthetic_template
LL01334,औरंगाबाद मध्ये माझ्या बसची डिलिव्हरी 10 दिवस उशिरा झाली आणि कोणी फोन उचलत नाही.,mr,complaint,,,औरंगाबाद,,0,25,Low,train,mr-complaint-4,synthetic_template
LL01227,"आमच्याकडे 200 सेट आहेत, सर्वांमध्ये रूफ टॉप AC बसवायचे आहे. कृपया कॉल करा",mr,bulk_order,रूफ टॉप AC,200 सेट,,,0,70,High,test,mr-bulk_order-3,synthetic_template
LL00176,We are a schoool in Sangli. Need ceiling panels for 120 sets. What is the best price?,en,bulk_order,ceiling panels,120 sets,Sangli,,0,75,High,val,en-bulk_order-7,synthetic_template
LL00519,"Bhopal delivery ke liye 8 buses me flooring chahiye, 3 weeks me",hinglish,bulk_order,flooring,8 buses,Bhopal,,0,75,High,train,hinglish-bulk_order-4,synthetic_template
LL01567,"bulk order dyaycha aahe 5 buses cha, sleeper berth have. budget 8 lakh",mr_roman,bulk_order,sleeper berth,5 buses,,8 lakh,0,80,High,val,mr_roman-bulk_order-2,synthetic_template
LL00692,sabhi sarees pe 1 ke saatth 1 free. aaj hi dukaan aao,hinglish,spam,,,,,0,0,Ignore,train,hinglish-spam-6,synthetic_template
LL00086,"Quote for 1 bus with reclining seats, budget ₹75,000 Required by next week",en,price_query,reclining seats,1 bus,,"₹75,000",1,75,High,train,en-price_query-8,synthetic_template
LL01054,"अपने बस बिज़नेस के लिए 5 लाख तक का लोन पाएं, कोई डॉक्यूमेंट नहीं। अभी क्लिक करें!",hi,spam,,,,,0,0,Ignore,test,hi-spam-7,synthetic_template
LL01779,"tumchya bus vyavsayaasthi 3 lakh paryant loan mila, kagdaaptre nahit. aatach click kara",mr_roman,spam,,,,,0,0,Ignore,test,mr_roman-spam-7,synthetic_template
LL01549,"majhi travels company nanded madhe aahe, 120 sets madhe bus wrap basvaycha aahe. kiti sut milel?",mr_roman,bulk_order,bus wrap,120 sets,nanded,,0,75,High,train,mr_roman-bulk_order-1,synthetic_template
LL00818,हमें 50 सीट के लिए सीलिंग पैनल चाहिए। थोक में क्या रेट मिलेगा? कृपया कॉल करें।,hi,bulk_order,सीलिंग पैनल,50 सीट,,,0,70,High,val,hi-bulk_order-0,synthetic_template
LL00693,sabhi sarees pe 1 ke saah 1 free. aaj hi dukaan aao dhanyavad,hinglish,spam,,,,,0,0,Ignore,train,hinglish-spam-6,synthetic_template
LL00999,5 लाख तक का पर्सनल लोन 10 मिनट में पाएं। अभी क्लिक करें!,hi,spam,,,,,0,0,Ignore,train,hi-spam-0,synthetic_template
LL01561,"bulk order dyaycha aahe 10 bus cha, cctv camera have. budget rs 15 lakh",mr_roman,bulk_order,cctv camera,10 bus,,rs 15 lakh,0,80,High,val,mr_roman-bulk_order-2,synthetic_template
LL00597,sir bus wrap ek hafte me hi band ho gaya. mujhe refund chahiye urgent chahiye dhanyavad,hinglish,complaint,bus wrap,,,,1,40,Medium,val,hinglish-complaint-3,synthetic_template
LL01345,"नमस्कार, वॉरंटीमध्ये सीलिंग पॅनल बदलून हवे आहे, एका महिन्यात तुटले.",mr,complaint,सीलिंग पॅनल,,,,0,25,Low,val,mr-complaint-5,synthetic_template
LL00350,"hey, get a loan for your bus busines up to 3 lakh with zero documentation. cliick now!",en,spam,,,,,0,0,Ignore,train,en-spam-9,synthetic_template
LL00001,"Hi, What is the price of reclining seats for a bus? Thanks.",en,price_query,reclining seats,,,,0,35,Low,train,en-price_query-0,synthetic_template
LL01423,"तुमच्या ट्रॅव्हल व्यवसायासाठी हमखास लीड्स मिळवा. मर्यादित ऑफर, आजच संपर्क साधा.",mr,spam,,,,,0,0,Ignore,val,mr-spam-8,synthetic_template
LL00175,we are a scchool in surat. need bus wrap for 40 sets. what is the best price,en,bulk_order,bus wrap,40 sets,surat,,0,75,High,val,en-bulk_order-7,synthetic_template
LL00532,"80 seats ke liye bus wrap ka wolesale rate batao, total budget 50 lakh",hinglish,bulk_order,bus wrap,80 seats,,50 lakh,0,80,High,train,hinglish-bulk_order-5,synthetic_template
LL00153,"hello sir, need vinyl branding for 100 seats, totaal budget ₹25 lakh. pease call me.",en,bulk_order,vinyl branding,100 seats,,₹25 lakh,0,80,High,train,en-bulk_order-5,synthetic_template
LL00274,Get a personal loan up to 3 lakh in 30 minutes. Click the link now!,en,spam,,,,,0,0,Ignore,train,en-spam-0,synthetic_template
LL00691,sabhi sarees pe 1 ke sath 1 free. aaj hi dukaan aao thanks,hinglish,spam,,,,,0,0,Ignore,train,hinglish-spam-6,synthetic_template
LL00389,please body paint ka quotation bhej do. budget 50000 hai urgent chahiye,hinglish,price_query,body paint,,,50000,1,60,Medium,train,hinglish-price_query-2,synthetic_template
LL01742,gharbasalya roj 2000 kamva. whatsapp kara,mr_roman,spam,,,,,0,0,Ignore,train,mr_roman-spam-3,synthetic_template
LL01788,"tumchya travel vyaavsayasathi guaranteed leads mila. limited offer, aajach contact kara",mr_roman,spam,,,,,0,0,Ignore,val,mr_roman-spam-8,synthetic_template
LL00733,LED लाइट का रेट क्या है? जल्दी चाहिए। कृपया कॉल करें।,hi,price_query,LED लाइट,,,,1,50,Medium,train,hi-price_query-0,synthetic_template
LL00905,"नमस्ते, आपने जो सीट कवर लगाया था वो खराब हो गया है। यह ठीक नहीं है। धन्यवाद।",hi,complaint,सीट कवर,,,,0,25,Low,train,hi-complaint-0,synthetic_template
LL00106,I run a travel company in Mumbai and need anti-skid flooring for 8 buses. What discount can you offer?,en,bulk_order,anti-skid flooring,8 buses,Mumbai,,0,75,High,train,en-bulk_order-1,synthetic_template
LL00158,"Need music system for 20 buses, total budget ₹50 lakh. Please call me. Required by next week.",en,bulk_order,music system,20 buses,,₹50 lakh,1,95,High,train,en-bulk_order-5,synthetic_template
LL01077,"नमस्ते, फ्री क्रेडिट कार्ड ऑफर, कोई वार्षिक शुल्क नहीं। अभी अप्लाई करें। कृपया कॉल करें।",hi,spam,,,,,0,0,Ignore,train,hi-spam-9,synthetic_template
LL01346,"वॉरंटीमध्ये स्लीपर बर्थ बदलून हवे आहे, एका महिन्यात तुटले.",mr,complaint,स्लीपर बर्थ,,,,0,25,Low,val,mr-complaint-5,synthetic_template
LL01191,"नमस्कार, माझी ट्रॅव्हल कंपनी नागपूर मध्ये आहे, 8 बसेस मध्ये सीलिंग पॅनल बसवायचे आहे. किती सूट मिळेल?",mr,bulk_order,सीलिंग पॅनल,8 बसेस,नागपूर,,0,75,High,train,mr-bulk_order-1,synthetic_template
LL01265,"हॅलो सर, तुम्ही बसवलेले बस सीट खराब झाले आहे. हे योग्य नाही. लवकर हवे आहे. धन्यवाद.",mr,complaint,बस सीट,,,,1,40,Medium,train,mr-complaint-0,synthetic_template
LL00855,"120 सेट का बल्क ऑर्डर देना है, बॉडी पेंट चाहिए। बजट 50 लाख।",hi,bulk_order,बॉडी पेंट,120 सेट,,50 लाख,0,80,High,train,hi-bulk_order-2,synthetic_template
LL00104,"hello sir, i run a travel company in sangli and need luggage racks for 15 buses. what discount can you offer? need this done this month",en,bulk_order,luggage racks,15 buses,sangli,,1,90,High,train,en-bulk_order-1,synthetic_template
LL01681,Nanded madhe majhya bus chi delivery 10 divas ushira zali ani koni phone uchalat nahi,mr_roman,complaint,,,Nanded,,0,25,Low,train,mr_roman-complaint-4,synthetic_template
LL00968,"हेलो सर, सातारा में मेरी बस की डिलीवरी 10 दिन लेट हुई और कोई फोन नहीं उठा रहा। जल्दी चाहिए।",hi,complaint,,,सातारा,,1,40,Medium,train,hi-complaint-4,synthetic_template
LL00531,"8 bus ke liye ceiling panel ka wholesale rate batao, total budget 25 lakh jaldi reply karo",hinglish,bulk_order,ceiling panel,8 bus,,25 lakh,1,95,High,train,hinglish-bulk_order-5,synthetic_template
LL00698,"bus busines ke liye 10 lakh tak loan pao, koi documents nahi. abhi cick karo",hinglish,spam,,,,,0,0,Ignore,train,hinglish-spam-7,synthetic_template
LL00128,Bulk order: 20 buses need CCTV cameras. Delivery to Indore in 3 weeks,en,bulk_order,CCTV cameras,20 buses,Indore,,0,75,High,test,en-bulk_order-3,synthetic_template
LL01572,"namaskar, bulk order dyaycha aahe 30 buses cha, pushback seats have. budget 15 lakh call kara",mr_roman,bulk_order,pushback seats,30 buses,,15 lakh,0,80,High,val,mr_roman-bulk_order-2,synthetic_template
LL00789,क्या आप नागपुर में फ्लोरिंग का काम करते हैं? रेट बताइए।,hi,price_query,फ्लोरिंग,,नागपुर,,0,40,Medium,train,hi-price_query-5,synthetic_template
LL00566,namaste maine curtains ke paise de diye lekin kaam abhi tak adhura hai,hinglish,complaint,curtains,,,,0,25,Low,train,hinglish-complaint-1,synthetic_template
LL00470,"meri travels company nagpur me hai, 25 bus me music system lagwana hai. kitna discount milega? agle hafte tak chahiye",hinglish,bulk_order,music system,25 bus,nagpur,,1,90,High,test,hinglish-bulk_order-1,synthetic_template
LL00605,goa me meri bus ki delivery 10 din late hui aur koi phone nahi utha raha thanks,hinglish,complaint,,,goa,,0,25,Low,train,hinglish-complaint-4,synthetic_template
LL00505,"hamare paas 40 bus hai, sabme bus wrap lagwana hai. please call karo",hinglish,bulk_order,bus wrap,40 bus,,,0,70,High,val,hinglish-bulk_order-3,synthetic_template
LL01666,LED lights ek athavdyaatch band padle. mala refund have,mr_roman,complaint,LED lights,,,,0,25,Low,train,mr_roman-complaint-3,synthetic_template
LL00171,we are a scchool in bengaluru. need bus ac for 25 buses. what is the best price?,en,bulk_order,bus ac,25 buses,bengaluru,,0,75,High,val,en-bulk_order-7,synthetic_template
LL01729,"instagram followers 5k vadhva, swasta dar. dm kara",mr_roman,spam,,,,,0,0,Ignore,train,mr_roman-spam-2,synthetic_template
LL00009,What is the price of reclining seats for a bus? Required by next week. Thank you.,en,price_query,reclining seats,,,,1,50,Medium,train,en-price_query-0,synthetic_template
LL01743,gharbasaalya roj 10000 kamva. WhattsApp kara,mr_roman,spam,,,,,0,0,Ignore,train,mr_roman-spam-3,synthetic_template
LL01167,पडदे ची प्राईस लिस्ट पाठवा,mr,price_query,पडदे,,,,0,35,Low,train,mr-price_query-6,synthetic_template
LL00512,"jalgaon deelivery ke liye 12 bus me body paint chahiye, 3 weeeks me jaldi reply karo",hinglish,bulk_order,body paint,12 bus,jalgaon,,1,90,High,train,hinglish-bulk_order-4,synthetic_template
LL00296,"boost your instagram followers by 10k. cheap rates, dm now",en,spam,,,,,0,0,Ignore,train,en-spam-2,synthetic_template
LL01688,Surat madhe majhya bus chi delivery 10 divas ushira zali ani koni phone uchalat nahi khup urgent aahe,mr_roman,complaint,,,Surat,,1,40,Medium,train,mr_roman-complaint-4,synthetic_template
LL00798,क्या आप नाशिक में सीलिंग पैनल का काम करते हैं? रेट बताइए।,hi,price_query,सीलिंग पैनल,,नाशिक,,0,40,Medium,train,hi-price_query-5,synthetic_template
LL00514,"Mumbai delivery ke liye 20 bus me roof top AC chahiye, 3 weeks me",hinglish,bulk_order,roof top AC,20 bus,Mumbai,,0,75,High,train,hinglish-bulk_order-4,synthetic_template
LL00700,"bus busines ke liye 3 lakh tak loan pao, koi documents nahi. abhi clikc karo",hinglish,spam,,,,,0,0,Ignore,train,hinglish-spam-7,synthetic_template
LL01573,"bulk order dyaycha aahe 20 buses cha, bus seats have. budget 25 lakh dhanyavad",mr_roman,bulk_order,bus seats,20 buses,,25 lakh,0,80,High,val,mr_roman-bulk_order-2,synthetic_template
LL01410,सर्व साड्यांवर एकावर एक फ्री. आजच दुकानात या. कृपया कॉल करा.,mr,spam,,,,,0,0,Ignore,train,mr-spam-6,synthetic_template
LL01372,"इंस्टाग्राम फॉलोअर्स 10k वाढवा, स्वस्त दर. आत्ताच DM करा. कृपया कॉल करा.",mr,spam,,,,,0,0,Ignore,train,mr-spam-2,synthetic_template
LL01558,"namaskar, majhi travels company ratnagiri madhe aahe, 250 seats madhe sleeper berth basvaycha aahe. kiti sut milel? pudhchya athavdyaparyant have",mr_roman,bulk_order,sleeper berth,250 seats,ratnagiri,,1,90,High,train,mr_roman-bulk_order-1,synthetic_template
LL00334,"Free credit card offer, no annual fee. Appy now.",en,spam,,,,,0,0,Ignore,val,en-spam-7,synthetic_template
LL01622,tumhi bassvlele roof top ac kharab zale aahe. he barobbar nahi,mr_roman,complaint,roof top ac,,,,0,25,Low,train,mr_roman-complaint-0,synthetic_template
LL00582,"hi seat cover ki finishing bahut kharab hai, turant theek karo",hinglish,complaint,seat cover,,,,0,25,Low,train,hinglish-complaint-2,synthetic_template
LL00663,ghar baithe roz 2000 kamao. whatsapp karo,hinglish,spam,,,,,0,0,Ignore,train,hinglish-spam-3,synthetic_template
LL01608,"40 sets sathi sleeper berth cha ghau dar sanga, ekun budget 8 lakh rupaye aahe aajach bolaycha aahe",mr_roman,bulk_order,sleeper berth,40 sets,,8 lakh rupaye,1,95,High,train,mr_roman-bulk_order-5,synthetic_template
LL01707,"warranty madhe cctv camera badlun hava aahe, ek mahinyat tutle",mr_roman,complaint,cctv camera,,,,0,25,Low,val,mr_roman-complaint-5,synthetic_template
LL00384,bhopal me curtains lagwane ka kitna kharcha aayega?,hinglish,price_query,curtains,,bhopal,,0,40,Medium,train,hinglish-price_query-1,synthetic_template
LL00788,"हेलो सर, क्या आप रत्नागिरी में पर्दे का काम करते हैं? रेट बताइए। आज ही बात करनी है।",hi,price_query,पर्दे,,रत्नागिरी,,1,55,Medium,train,hi-price_query-5,synthetic_template
LL00331,"free credit card offer, no annual fee. apply now.",en,spam,,,,,0,0,Ignore,val,en-spam-7,synthetic_template
LL00587,sir pushback seats ek hafte me hi band ho gaya. mujhe refund chahiye aaj hi baat karni hai,hinglish,complaint,pushback seats,,,,1,40,Medium,val,hinglish-complaint-3,synthetic_template
LL00844,"25 बस का बल्क ऑर्डर देना है, बस रैप चाहिए। बजट 1 करोड़। अगले हफ्ते तक चाहिए। कृपया कॉल करें।",hi,bulk_order,बस रैप,25 बस,,1 करोड़,1,95,High,train,hi-bulk_order-2,synthetic_template
LL01677,music system ek athavdyatach band padle. mala refund have pudhchya athavdyaparyant have,mr_roman,complaint,music system,,,,1,40,Medium,train,mr_roman-complaint-3,synthetic_template
LL01721,abhinandan! tumhi free iphone jinkla aahe. aatach claim kara,mr_roman,spam,,,,,0,0,Ignore,val,mr_roman-spam-1,synthetic_template
LL01780,"tumchya bus vyavsayasathi 3 lakh paryant loan mila, kagdapatre nahit. aatach click kara",mr_roman,spam,,,,,0,0,Ignore,test,mr_roman-spam-7,synthetic_template
LL01397,गुगलवर पहिल्या पानाची हमी असलेली SEO सेवा मिळवा. धन्यवाद.,mr,spam,,,,,0,0,Ignore,test,mr-spam-5,synthetic_template
LL00939,"नमस्ते, बॉडी पेंट की फिनिशिंग बहुत खराब है, तुरंत ठीक करवाइए।",hi,complaint,बॉडी पेंट,,,,0,25,Low,test,hi-complaint-2,synthetic_template
LL00614,hi Pune me meri bus ki delivery 10 din late hui aur koi phone nahi utha raha urgent chahiye,hinglish,complaint,,,Pune,,1,40,Medium,train,hinglish-complaint-4,synthetic_template
LL00387,please bus wrap ka quotation bhej do. budget 1 lakh hai,hinglish,price_query,bus wrap,,,1 lakh,0,45,Medium,train,hinglish-price_query-2,synthetic_template
LL01394,क्रिप्टोमध्ये गुंतवणूक करा आणि 15 दिवसांत पैसे दुप्पट करा.,mr,spam,,,,,0,0,Ignore,train,mr-spam-4,synthetic_template
LL01446,CCTV camera cha rate kay aahe? lavkar have aahe,mr_roman,price_query,CCTV camera,,,,1,50,Medium,train,mr_roman-price_query-0,synthetic_template
LL00666,ghar baitthe roz 10000 kamao. WhatsAp karo,hinglish,spam,,,,,0,0,Ignore,train,hinglish-spam-3,synthetic_template
LL01404,"हॅलो सर, गुगलवर पहिल्या पानाची हमी असलेली SEO सेवा मिळवा",mr,spam,,,,,0,0,Ignore,test,mr-spam-5,synthetic_template
LL00207,"hey, very poor finnish on the roof-top ac. pleaes fix it immediately. need this done this month.",en,complaint,roof-top ac,,,,1,40,Medium,train,en-complaint-2,synthetic_template
LL00159,"Oredring CCTV cameras for 40 buses in Nashik, please confirrm the wholesale rate.",en,bulk_order,CCTV cameras,40 buses,Nashik,,0,75,High,train,en-bulk_order-6,synthetic_template
LL01306,"नमस्कार, सीलिंग पॅनल एका आठवड्यातच बंद पडले. मला रिफंड हवा आहे.",mr,complaint,सीलिंग पॅनल,,,,0,25,Low,train,mr-complaint-3,synthetic_template
LL01690,Bhopal madhe majhya bus chi delivery 10 divas ushira zali ani koni phone uchalat nahi,mr_roman,complaint,,,Bhopal,,0,25,Low,train,mr_roman-complaint-4,synthetic_template
LL01775,"tumchya bus vyavsayasathi 10 lakh paryant loan mila, kagdapatre nahit. aatach click kara call kara",mr_roman,spam,,,,,0,0,Ignore,test,mr_roman-spam-7,synthetic_template
LL00431,flooring ki prrice list bhejo aaj hi baat karni hai call karna,hinglish,price_query,flooring,,,,1,50,Medium,train,hinglish-price_query-6,synthetic_template
LL01384,घरबसल्या रोज 10000 कमवा. WhatsApp करा. धन्यवाद.,mr,spam,,,,,0,0,Ignore,train,mr-spam-3,synthetic_template
LL00919,"मैंने रूफ टॉप AC के पैसे दे दिए, लेकिन काम अभी तक अधूरा है।",hi,complaint,रूफ टॉप AC,,,,0,25,Low,val,hi-complaint-1,synthetic_template
LL00758,"हेलो सर, कृपया स्लीपर बर्थ का कोटेशन भेजें। बजट 30000 रुपये है। आज ही बात करनी है। धन्यवाद।",hi,price_query,स्लीपर बर्थ,,,30000 रुपये,1,60,Medium,train,hi-price_query-2,synthetic_template
LL01395,क्रिप्टोमध्ये गुंतवणूक करा आणि 5 दिवसांत पैसे दुप्पट करा.,mr,spam,,,,,0,0,Ignore,train,mr-spam-4,synthetic_template
LL01201,"हॅलो सर, 15 बसेस चा बल्क ऑर्डर द्यायचा आहे, रूफ टॉप AC हवे. बजेट 8 लाख. कृपया कॉल करा",mr,bulk_order,रूफ टॉप AC,15 बसेस,,8 लाख,0,80,High,train,mr-bulk_order-2,synthetic_template
LL00319,Invest in crytpo and double your money in 10 days.,en,spam,,,,,0,0,Ignore,train,en-spam-5,synthetic_template
LL00439,music system ki price list bhhejo,hinglish,price_query,music system,,,,0,35,Low,train,hinglish-price_query-6,synthetic_template
LL01359,3 लाखांपर्यंत पर्सनल लोन 10 मिनिटांत मिळवा. आत्ताच क्लिक करा! धन्यवाद,mr,spam,,,,,0,0,Ignore,val,mr-spam-0,synthetic_template
LL00852,"50 बस का बल्क ऑर्डर देना है, LED लाइट चाहिए। बजट ₹8 लाख। जल्दी चाहिए।",hi,bulk_order,LED लाइट,50 बस,,₹8 लाख,1,95,High,train,hi-bulk_order-2,synthetic_template
LL01118,कृपया बस रॅप चे कोटेशन पाठवा. बजेट ₹3 लाख आहे.,mr,price_query,बस रॅप,,,₹3 लाख,0,45,Medium,test,mr-price_query-2,synthetic_template
LL01035,"हेलो सर, क्रिप्टो में निवेश करें और 15 दिन में पैसा डबल करें।",hi,spam,,,,,0,0,Ignore,val,hi-spam-4,synthetic_template
LL00146,Our fleet of 25 buses needs exterior paint. Can we schedule a visit to Aurangabad? Need it urgently. Thank you,en,bulk_order,exterior paint,25 buses,Aurangabad,,1,90,High,train,en-bulk_order-4,synthetic_template
LL01075,"हेलो सर, फ्री क्रेडिट कार्ड ऑफर, कोई वार्षिक शुल्क नहीं। अभी अप्लाई करें।",hi,spam,,,,,0,0,Ignore,train,hi-spam-9,synthetic_template
LL00219,very poor fiish on the music system. pleaase fix it immediately,en,complaint,music system,,,,0,25,Low,train,en-complaint-2,synthetic_template
LL00003,"Good morning, What is the price of sleeper berths for a bus? Required by next week. Thank you.",en,price_query,sleeper berths,,,,1,50,Medium,train,en-price_query-0,synthetic_template
LL00235,"Hi, Your team delayed my bus delivery in Panvel by 10 days and nobody is answering my calls. Need it urgently. Thanks.",en,complaint,,,Panvel,,1,40,Medium,test,en-complaint-4,synthetic_template
LL00308,Earn 5000 per day wrking from home. WhatsApp us.,en,spam,,,,,0,0,Ignore,train,en-spam-4,synthetic_template
LL01198,"माझी ट्रॅव्हल कंपनी अहमदाबाद मध्ये आहे, 8 बसेस मध्ये बॉडी पेंट बसवायचे आहे. किती सूट मिळेल? पुढच्या आठवड्यापर्यंत हवे",mr,bulk_order,बॉडी पेंट,8 बसेस,अहमदाबाद,,1,90,High,train,mr-bulk_order-1,synthetic_template
LL01553,"majhi travesl company latur mdhe aahe, 40 bus mdhe ceiling panel basvayha aahe. kiti sut milel? lavkar have aahe",mr_roman,bulk_order,ceiling panel,40 bus,latur,,1,90,High,train,mr_roman-bulk_order-1,synthetic_template
LL00715,"free crredit card offer, koi annual fee nahi. abhi apply karo",hinglish,spam,,,,,0,0,Ignore,test,hinglish-spam-9,synthetic_template
LL00396,45 seats ke liye cctv camera ki priec batao,hinglish,price_query,cctv camera,45 seats,,,0,50,Medium,train,hinglish-price_query-3,synthetic_template
LL00534,"20 bus ke liye ceiling panel ka wholesale rate batao, total budget 10 lakh",hinglish,bulk_order,ceiling panel,20 bus,,10 lakh,0,80,High,train,hinglish-bulk_order-5,synthetic_template
LL00971,सातारा में मेरी बस की डिलीवरी 10 दिन लेट हुई और कोई फोन नहीं उठा रहा। अगले हफ्ते तक चाहिए।,hi,complaint,,,सातारा,,1,40,Medium,train,hi-complaint-4,synthetic_template
LL01490,2 buses sathi seat cover chi kimmat sanga thanks,mr_roman,price_query,seat cover,2 buses,,,0,50,Medium,train,mr_roman-price_query-3,synthetic_template
LL00997,1 लाख तक का पर्सनल लोन 5 मिनट में पाएं। अभी क्लिक करें!,hi,spam,,,,,0,0,Ignore,train,hi-spam-0,synthetic_template
LL00299,we offer seo and website ranking services. guaranteed first page on google,en,spam,,,,,0,0,Ignore,train,en-spam-3,synthetic_template
LL01619,"15 buses sathi LED lights cha ghau dar sanga, ekun budget 50 lakh rupaye aahe pudhchya athavdyaparyant have",mr_roman,bulk_order,LED lights,15 buses,,50 lakh rupaye,1,95,High,train,mr_roman-bulk_order-5,synthetic_template
LL00033,"hello sir, please send a quotation for roof-top ac. budget is around ₹30,000.",en,price_query,roof-top ac,,,"₹30,000",0,45,Medium,test,en-price_query-3,synthetic_template
LL00139,Our fleet of 5 buses nedes luggage racks. Can we schedule a vsiit to Navi Mumbai?,en,bulk_order,luggage racks,5 buses,Navi Mumbai,,0,75,High,train,en-bulk_order-4,synthetic_template
LL00124,"hello sir, looking to refurbish 20 buses with full body paint. budget rs 10 lakh. when can you start? please reply asap. thank you",en,bulk_order,full body paint,20 buses,,rs 10 lakh,1,95,High,train,en-bulk_order-2,synthetic_template
LL00218,Very poor finish on the bus AC. Please fix it immediately.,en,complaint,bus AC,,,,0,25,Low,train,en-complaint-2,synthetic_template
LL01464,Satara madhe luggage rack basvayla kiti kharch yeil?,mr_roman,price_query,luggage rack,,Satara,,0,40,Medium,val,mr_roman-price_query-1,synthetic_template
LL00559,maine body paint ke paise de diye lekin kaam abhi tak adhura hai,hinglish,complaint,body paint,,,,0,25,Low,train,hinglish-complaint-1,synthetic_template
LL01187,"माझी ट्रॅव्हल कंपनी जळगाव मध्ये आहे, 120 सेट मध्ये लगेज रॅक बसवायचे आहे. किती सूट मिळेल? लवकर हवे आहे",mr,bulk_order,लगेज रॅक,120 सेट,जळगाव,,1,90,High,train,mr-bulk_order-1,synthetic_template
LL00467,"sir meri travels company Mumbai me hai, 10 buses me CCTV camera lagwana hai. kitna discount milega? call karna",hinglish,bulk_order,CCTV camera,10 buses,Mumbai,,0,75,High,test,hinglish-bulk_order-1,synthetic_template
LL00558,maine sleeper berth ke paise de diye lekin kaam abhi tak adhura hai,hinglish,complaint,sleeper berth,,,,0,25,Low,train,hinglish-complaint-1,synthetic_template
LL01173,"हॅलो सर, आम्हाला 80 सेट साठी पडदे हवे आहे. घाऊक दर काय असेल?",mr,bulk_order,पडदे,80 सेट,,,0,70,High,train,mr-bulk_order-0,synthetic_template
LL00819,"नमस्ते, हमें 50 बस के लिए बॉडी पेंट चाहिए। थोक में क्या रेट मिलेगा? अगले हफ्ते तक चाहिए।",hi,bulk_order,बॉडी पेंट,50 बस,,,1,85,High,val,hi-bulk_order-0,synthetic_template
LL00034,"good morning, please send a quotation for reclining seats. budget is around ₹75,000. thank you.",en,price_query,reclining seats,,,"₹75,000",0,45,Medium,test,en-price_query-3,synthetic_template
LL00665,ghar baiteh roz 5000 kamao. WhhatsApp karo,hinglish,spam,,,,,0,0,Ignore,train,hinglish-spam-3,synthetic_template
LL00646,congratulations! aappne free iphone jeeta hai. abhi claim karo,hinglish,spam,,,,,0,0,Ignore,train,hinglish-spam-1,synthetic_template
LL01432,"फ्री क्रेडिट कार्ड ऑफर, वार्षिक शुल्क नाही. आत्ताच अर्ज करा.",mr,spam,,,,,0,0,Ignore,train,mr-spam-9,synthetic_template
LL01067,"हेलो सर, अपने ट्रैवल बिज़नेस के लिए गारंटीड लीड्स पाएं। सीमित ऑफर, आज ही संपर्क करें। धन्यवाद।",hi,spam,,,,,0,0,Ignore,val,hi-spam-8,synthetic_template
LL00010,What is the price of full body paint for a bus?,en,price_query,full body paint,,,,0,35,Low,train,en-price_query-0,synthetic_template
LL00944,"LED लाइट की फिनिशिंग बहुत खराब है, तुरंत ठीक करवाइए। जल्दी चाहिए।",hi,complaint,LED लाइट,,,,1,40,Medium,test,hi-complaint-2,synthetic_template
LL00774,"मुझे सीट कवर की कीमत जाननी है, बजट लगभग ₹1.5 लाख है।",hi,price_query,सीट कवर,,,₹1.5 लाख,0,45,Medium,val,hi-price_query-4,synthetic_template
LL01098,सुरत मध्ये सीट कव्हर बसवायला किती खर्च येईल? लवकर हवे आहे,mr,price_query,सीट कव्हर,,सुरत,,1,55,Medium,train,mr-price_query-1,synthetic_template
LL00834,"मेरी ट्रैवल कंपनी ठाणे में है, 8 बस में पुशबैक सीट लगवाना है। कितना डिस्काउंट मिलेगा? जल्दी चाहिए। कृपया कॉल करें।",hi,bulk_order,पुशबैक सीट,8 बस,ठाणे,,1,90,High,train,hi-bulk_order-1,synthetic_template
LL01652,"luggage rack che finishing khup vait aahe, tatkal durust kara call kara",mr_roman,complaint,luggage rack,,,,0,25,Low,test,mr_roman-complaint-2,synthetic_template
LL01597,"Navi Mumbai madhe delivery sathi 40 bus madhe padde have, 3 athavdyat",mr_roman,bulk_order,padde,40 bus,Navi Mumbai,,0,75,High,test,mr_roman-bulk_order-4,synthetic_template
LL00409,"mujhe body paint ki price janni hai, budget around 2l",hinglish,price_query,body paint,,,2l,0,45,Medium,val,hinglish-price_query-4,synthetic_template
LL01352,2 लाखांपर्यंत पर्सनल लोन 5 मिनिटांत मिळवा. आत्ताच क्लिक करा!,mr,spam,,,,,0,0,Ignore,val,mr-spam-0,synthetic_template
LL00526,"hi 50 bus ke liye bus wrap ka wholesale rate batao, total budget 1 crore",hinglish,bulk_order,bus wrap,50 bus,,1 crore,0,80,High,train,hinglish-bulk_order-5,synthetic_template
LL01418,"तुमच्या बस व्यवसायासाठी 3 लाखांपर्यंत कर्ज मिळवा, कागदपत्रे नाहीत. आत्ताच क्लिक करा",mr,spam,,,,,0,0,Ignore,train,mr-spam-7,synthetic_template
LL01479,please roof top AC che quotation pathva. budget Rs 1.5 lakh aahe,mr_roman,price_query,roof top AC,,,Rs 1.5 lakh,0,45,Medium,train,mr_roman-price_query-2,synthetic_template
LL00856,"हमारे पास 10 बसों हैं, सभी में बस सीट लगवाना है। कृपया कॉल करें। धन्यवाद।",hi,bulk_order,बस सीट,10 बसों,,,0,70,High,test,hi-bulk_order-3,synthetic_template
LL00722,पर्दे का रेट क्या है?,hi,price_query,पर्दे,,,,0,35,Low,train,hi-price_query-0,synthetic_template
LL01445,"hello sir, flooring cha rate kay aahe?",mr_roman,price_query,flooring,,,,0,35,Low,train,mr_roman-price_query-0,synthetic_template
LL01590,"hello sir, amhcyakade 100 sets aahet, savamadhe luggage rack baasvaycha aahe. please call kara",mr_roman,bulk_order,luggage rack,100 sets,,,0,70,High,train,mr_roman-bulk_order-3,synthetic_template
LL01212,"हॅलो सर, 8 बस चा बल्क ऑर्डर द्यायचा आहे, बस सीट हवे. बजेट ₹5 लाख.",mr,bulk_order,बस सीट,8 बस,,₹5 लाख,0,80,High,train,mr-bulk_order-2,synthetic_template
LL01672,"dada, bus wrap ek athavyatach band padle. mala refund have",mr_roman,complaint,bus wrap,,,,0,25,Low,train,mr_roman-complaint-3,synthetic_template
LL01791,"hello sir, tumchya travel vyavsayasathi gauranteed leads mila. limited offer, aajach contact kara",mr_roman,spam,,,,,0,0,Ignore,val,mr_roman-spam-8,synthetic_template
LL01789,"tumchya travel vavsayasathi guaranteed leads mila. limited offer, aajach contact kara",mr_roman,spam,,,,,0,0,Ignore,val,mr_roman-spam-8,synthetic_template
LL01379,घरबसल्या रोज 2000 कमवा. WhatsApp करा.,mr,spam,,,,,0,0,Ignore,train,mr-spam-3,synthetic_template
LL00557,maine bus wrap ke paise de diye lekin kaam abhi tak adhura hai dhanyavad,hinglish,complaint,bus wrap,,,,0,25,Low,train,hinglish-complaint-1,synthetic_template
LL01268,"नमस्कार, तुम्ही बसवलेले LED लाईट खराब झाले आहे. हे योग्य नाही.",mr,complaint,LED लाईट,,,,0,25,Low,train,mr-complaint-0,synthetic_template
LL01747,crypto madhe invest kara ani 7 divsat paise dupple kara,mr_roman,spam,,,,,0,0,Ignore,train,mr_roman-spam-4,synthetic_template
LL00324,"dear sir, we are a supplier of cheap led lights from china. reply for a catalogue",en,spam,,,,,0,0,Ignore,val,en-spam-6,synthetic_template
LL00941,"बस सीट की फिनिशिंग बहुत खराब है, तुरंत ठीक करवाइए। बहुत ज़रूरी है।",hi,complaint,बस सीट,,,,1,40,Medium,test,hi-complaint-2,synthetic_template
LL00289,"Boost your Instagram follwoers by 10k. Cheaap rates, DM now. Thank you.",en,spam,,,,,0,0,Ignore,train,en-spam-2,synthetic_template
LL01639,mi padde che paise dile pan kaam ajun apurna aahe pudhchya athavdyaparyant have,mr_roman,complaint,padde,,,,1,40,Medium,train,mr_roman-complaint-1,synthetic_template
LL00065,"rate for exterior wrap, my budget is rs 20000 need it urgently. thanks.",en,price_query,exterior wrap,,,rs 20000,1,60,Medium,val,en-price_query-6,synthetic_template
LL01472,please body paint che quotation pathva. budget 20 hajar aahe,mr_roman,price_query,body paint,,,20 hajar,0,45,Medium,train,mr_roman-price_query-2,synthetic_template
LL01322,नांदेड मध्ये माझ्या बसची डिलिव्हरी 10 दिवस उशिरा झाली आणि कोणी फोन उचलत नाही. आजच बोलायचे आहे. कृपया कॉल करा.,mr,complaint,,,नांदेड,,1,40,Medium,train,mr-complaint-4,synthetic_template
LL00677,bhai google pe first page guarantee wali seo service lo,hinglish,spam,,,,,0,0,Ignore,test,hinglish-spam-5,synthetic_template
LL01761,"namaskar, google var pahilya panachi guarantee asleli SEO seva mila",mr_roman,spam,,,,,0,0,Ignore,test,mr_roman-spam-5,synthetic_template
LL01391,क्रिप्टोमध्ये गुंतवणूक करा आणि 10 दिवसांत पैसे दुप्पट करा.,mr,spam,,,,,0,0,Ignore,train,mr-spam-4,synthetic_template
LL01030,क्रिप्टो में निवेश करें और 10 दिन में पैसा डबल करें।,hi,spam,,,,,0,0,Ignore,val,hi-spam-4,synthetic_template
LL01738,gharbasalya roj 5000 kamva. WhatsApp kara,mr_roman,spam,,,,,0,0,Ignore,train,mr_roman-spam-3,synthetic_template
LL00717,"free credit card offer, koi annual fee nahi. abhi appply karo",hinglish,spam,,,,,0,0,Ignore,test,hinglish-spam-9,synthetic_template
LL00423,kya aap Panvel me luggage rack ka kaam karte ho? rate batao,hinglish,price_query,luggage rack,,Panvel,,0,40,Medium,train,hinglish-price_query-5,synthetic_template
LL00654,"hello sir instagram followers 50k badhao, sasta rate. dm karo",hinglish,spam,,,,,0,0,Ignore,train,hinglish-spam-2,synthetic_template
LL00619,"sir warrnaty me roof top AC change karwana hai, ek mhaine me toot gaya",hinglish,complaint,roof top AC,,,,0,25,Low,test,hinglish-complaint-5,synthetic_template
LL01630,tuumhi basvlele bus wrap kharab zale aahe. he brobar nahi thanks,mr_roman,complaint,bus wrap,,,,0,25,Low,train,mr_roman-complaint-0,synthetic_template
LL00617,"warranty me led lights change karwana hai, ek mahine me toot gaya thanks",hinglish,complaint,led lights,,,,0,25,Low,test,hinglish-complaint-5,synthetic_template
LL00258,"Hey, The music system does not match what was promised. Need someone to inspect it. Need it urgently. Thanks",en,complaint,music system,,,,1,40,Medium,val,en-complaint-5,synthetic_template
LL00152,"Hey, Need vinyl branding for 50 buses, total budget Rs 50 lakh. Please call me. Required by next week.",en,bulk_order,vinyl branding,50 buses,,Rs 50 lakh,1,95,High,train,en-bulk_order-5,synthetic_template
LL00418,sir kya aap Ratnagiri me flooring ka kaam karte ho? rate batao thanks,hinglish,price_query,flooring,,Ratnagiri,,0,40,Medium,train,hinglish-price_query-5,synthetic_template
LL00616,"sir warranty me pushback seats change karwana hai, ek mahine me toot gaya",hinglish,complaint,pushback seats,,,,0,25,Low,test,hinglish-complaint-5,synthetic_template
LL00940,"स्लीपर बर्थ की फिनिशिंग बहुत खराब है, तुरंत ठीक करवाइए। कृपया कॉल करें।",hi,complaint,स्लीपर बर्थ,,,,0,25,Low,test,hi-complaint-2,synthetic_template
LL00162,"ordering exterior wrap for 150 sets in navi mumbai, please confirm the wholesale rate.",en,bulk_order,exterior wrap,150 sets,navi mumbai,,0,75,High,train,en-bulk_order-6,synthetic_template
LL01493,"mala padde chi kimmat janun ghyaychi aahe, budget saadharan rs 20000 thanks",mr_roman,price_query,padde,,,rs 20000,0,45,Medium,train,mr_roman-price_query-4,synthetic_template
LL00989,"वारंटी में बस रैप बदलवाना है, एक महीने में टूट गया।",hi,complaint,बस रैप,,,,0,25,Low,train,hi-complaint-5,synthetic_template
LL01014,"नमस्ते, इंस्टाग्राम फॉलोअर्स 1k बढ़ाएं, सस्ते रेट। अभी DM करें।",hi,spam,,,,,0,0,Ignore,train,hi-spam-2,synthetic_template
LL01730,"instagram followers 1k vadhva, swasta dar. DM kara",mr_roman,spam,,,,,0,0,Ignore,train,mr_roman-spam-2,synthetic_template
LL00667,bhai crypto me invet karo aur 5 din me paisa doulbe karo,hinglish,spam,,,,,0,0,Ignore,val,hinglish-spam-4,synthetic_template
LL01749,crypto madhe ivest kara ani 7 divvsat paise dupple kara dhanyavad,mr_roman,spam,,,,,0,0,Ignore,train,mr_roman-spam-4,synthetic_template
LL00114,"hey, i run a travel company in nanded and need cctv cameras for 120 seats. what discount can you offer? thank you.",en,bulk_order,cctv cameras,120 seats,nanded,,0,75,High,train,en-bulk_order-1,synthetic_template
LL01320,बस सीट एका आठवड्यातच बंद पडले. मला रिफंड हवा आहे. कृपया कॉल करा.,mr,complaint,बस सीट,,,,0,25,Low,train,mr-complaint-3,synthetic_template
LL00765,"हेलो सर, 2 सेट के लिए बस सीट की कीमत बताइए।",hi,price_query,बस सीट,2 सेट,,,0,50,Medium,train,hi-price_query-3,synthetic_template
LL00900,"नमस्ते, 25 बसों के लिए रूफ टॉप AC का थोक रेट बताइए, कुल बजट 50 लाख है। धन्यवाद।",hi,bulk_order,रूफ टॉप AC,25 बसों,,50 लाख,0,80,High,train,hi-bulk_order-5,synthetic_template
LL00568,maine seat cover ke paise de diye lekin kaam abhi tak adhura hai dhanyavad,hinglish,complaint,seat cover,,,,0,25,Low,train,hinglish-complaint-1,synthetic_template
LL01163,पुशबॅक सीट ची प्राईस लिस्ट पाठवा,mr,price_query,पुशबॅक सीट,,,,0,35,Low,train,mr-price_query-6,synthetic_template
LL00501,"hi hamare paas 20 buses hai, sabme bus wrap lagwana hai. please call karo",hinglish,bulk_order,bus wrap,20 buses,,,0,70,High,val,hinglish-bulk_order-3,synthetic_template
LL00017,can you share the rate for ceiling panels? need it for 3 buses. please reply asap. thanks,en,price_query,ceiling panels,3 buses,,,1,65,Medium,train,en-price_query-1,synthetic_template
LL01512,tumhi Sangli madhe LED lights che kaam karta ka? dar sanga khup urgent aahe thanks,mr_roman,price_query,LED lights,,Sangli,,1,55,Medium,train,mr_roman-price_query-5,synthetic_template
LL00884,"अहमदाबाद डिलीवरी के लिए 50 सीट में बस रैप चाहिए, 3 हफ्ते में।",hi,bulk_order,बस रैप,50 सीट,अहमदाबाद,,0,75,High,train,hi-bulk_order-4,synthetic_template
LL01046,सारी साड़ियों पर एक के साथ एक फ्री। आज ही दुकान पर आएं। धन्यवाद।,hi,spam,,,,,0,0,Ignore,test,hi-spam-6,synthetic_template
LL00943,"रूफ टॉप AC की फिनिशिंग बहुत खराब है, तुरंत ठीक करवाइए। कृपया कॉल करें।",hi,complaint,रूफ टॉप AC,,,,0,25,Low,test,hi-complaint-2,synthetic_template
LL01321,"नमस्कार, कोल्हापूर मध्ये माझ्या बसची डिलिव्हरी 10 दिवस उशिरा झाली आणि कोणी फोन उचलत नाही.",mr,complaint,,,कोल्हापूर,,0,25,Low,train,mr-complaint-4,synthetic_template
LL01700,"hello sir, warranty madhe seat cover badlun hava aahe, ek mahinyat tutle khup urgent aahe",mr_roman,complaint,seat cover,,,,1,40,Medium,val,mr_roman-complaint-5,synthetic_template
LL00170,"hello sir, we are a school in nashik. need window curtains for 250 sets. what is the best price?",en,bulk_order,window curtains,250 sets,nashik,,0,75,High,val,en-bulk_order-7,synthetic_template
LL00453,hume 250 seats ke liye seat cover chahiye. bulk me kya rate milega? aaj hi baat karni hai,hinglish,bulk_order,seat cover,250 seats,,,1,85,High,train,hinglish-bulk_order-0,synthetic_template
LL01427,"तुमच्या ट्रॅव्हल व्यवसायासाठी हमखास लीड्स मिळवा. मर्यादित ऑफर, आजच संपर्क साधा. कृपया कॉल करा.",mr,spam,,,,,0,0,Ignore,val,mr-spam-8,synthetic_template
LL00282,Congratulations! You have won a free iPhone. Claim your prize.,en,spam,,,,,0,0,Ignore,test,en-spam-1,synthetic_template
LL00262,warranty claim for exterior paint. it broke after one month. need it urgently.,en,complaint,exterior paint,,,,1,40,Medium,train,en-complaint-6,synthetic_template
LL00339,Buy 1 get 1 free on all sarees. Visit our store today,en,spam,,,,,0,0,Ignore,test,en-spam-8,synthetic_template
LL01169,"हॅलो सर, रूफ टॉप AC ची प्राईस लिस्ट पाठवा",mr,price_query,रूफ टॉप AC,,,,0,35,Low,train,mr-price_query-6,synthetic_template
LL00473,"meri travels companny Belgaum me hai, 12 bus me seat cover laagwana hai. kitna discount milega? thanks",hinglish,bulk_order,seat cover,12 bus,Belgaum,,0,75,High,test,hinglish-bulk_order-1,synthetic_template
LL00926,"हेलो सर, मैंने बॉडी पेंट के पैसे दे दिए, लेकिन काम अभी तक अधूरा है।",hi,complaint,बॉडी पेंट,,,,0,25,Low,val,hi-complaint-1,synthetic_template
LL00251,the reclining seats does not match what was promised. need someone to inspect it.,en,complaint,reclining seats,,,,0,25,Low,val,en-complaint-5,synthetic_template
LL01483,10 seats sathi music system chi kimmat sanga khup urgent aahe,mr_roman,price_query,music system,10 seats,,,1,65,Medium,train,mr_roman-price_query-3,synthetic_template
LL00595,music system ek hafte me hi band ho gaya. mujhe refund chahiye aaj hi baat karni hai,hinglish,complaint,music system,,,,1,40,Medium,val,hinglish-complaint-3,synthetic_template
LL00404,namaste 3 bus ke liye pushback seats ki price batao aaj hi baat karni hai,hinglish,price_query,pushback seats,3 bus,,,1,65,Medium,train,hinglish-price_query-3,synthetic_template
LL01207,"50 बस चा बल्क ऑर्डर द्यायचा आहे, CCTV कॅमेरा हवे. बजेट 1 कोटी. खूप अर्जंट आहे.",mr,bulk_order,CCTV कॅमेरा,50 बस,,1 कोटी,1,95,High,train,mr-bulk_order-2,synthetic_template
LL01211,"हॅलो सर, 80 नग चा बल्क ऑर्डर द्यायचा आहे, LED लाईट हवे. बजेट 1 कोटी. खूप अर्जंट आहे.",mr,bulk_order,LED लाईट,80 नग,,1 कोटी,1,95,High,train,mr-bulk_order-2,synthetic_template
LL00826,"मेरी ट्रैवल कंपनी जलगांव में है, 15 बस में पर्दे लगवाना है। कितना डिस्काउंट मिलेगा? आज ही बात करनी है। धन्यवाद।",hi,bulk_order,पर्दे,15 बस,जलगांव,,1,90,High,train,hi-bulk_order-1,synthetic_template
LL00323,"Dear sir, we are a supplier of cheap LED lights from China. Reply for a catalogue. Please call me.",en,spam,,,,,0,0,Ignore,val,en-spam-6,synthetic_template
LL01144,"नमस्कार, मला बस सीट ची किंमत जाणून घ्यायची आहे, बजेट साधारण 2 लाख. कृपया कॉल करा.",mr,price_query,बस सीट,,,2 लाख,0,45,Medium,train,mr-price_query-4,synthetic_template
LL00382,namaste Aurangabad me flooring lagwane ka kittna kharcha aayega,hinglish,price_query,flooring,,Aurangabad,,0,40,Medium,train,hinglish-price_query-1,synthetic_template
LL00233,"Hi, Your team delayed my bus delivey in Jalgaon by 10 days and nobody is ansswering my calls. Thank you.",en,complaint,,,Jalgaon,,0,25,Low,test,en-complaint-4,synthetic_template
LL00254,The interior LED lighting does not match what was promised. Need someone to inspect it. Thank you,en,complaint,interior LED lighting,,,,0,25,Low,val,en-complaint-5,synthetic_template
LL01033,"नमस्ते, क्रिप्टो में निवेश करें और 3 दिन में पैसा डबल करें।",hi,spam,,,,,0,0,Ignore,val,hi-spam-4,synthetic_template
LL00984,"वारंटी में बॉडी पेंट बदलवाना है, एक महीने में टूट गया।",hi,complaint,बॉडी पेंट,,,,0,25,Low,train,hi-complaint-5,synthetic_template
LL00520,"aurangabad delivery ke liye 5 buses me luggage rack chahiye, 3 weeks me aaj hi baat karni hai",hinglish,bulk_order,luggage rack,5 buses,aurangabad,,1,90,High,train,hinglish-bulk_order-4,synthetic_template
LL01407,सर्व साड्यांवर एकावर एक फ्री. आजच दुकानात या,mr,spam,,,,,0,0,Ignore,train,mr-spam-6,synthetic_template
LL01125,"नमस्कार, 1 सीट साठी सीट कव्हर ची किंमत सांगा. पुढच्या आठवड्यापर्यंत हवे.",mr,price_query,सीट कव्हर,1 सीट,,,1,65,Medium,val,mr-price_query-3,synthetic_template
LL00567,hi maine flooring ke paise de diye lekin kaam abhi tak adhura hai dhanyavad,hinglish,complaint,flooring,,,,0,25,Low,train,hinglish-complaint-1,synthetic_template
LL01226,"नमस्कार, आमच्याकडे 8 बस आहेत, सर्वांमध्ये स्लीपर बर्थ बसवायचे आहे. कृपया कॉल करा. आजच बोलायचे आहे.",mr,bulk_order,स्लीपर बर्थ,8 बस,,,1,85,High,test,mr-bulk_order-3,synthetic_template
LL01543,"dada, amhala 5 buses sathi roof top AC have aahe. ghau dar kay asel?",mr_roman,bulk_order,roof top AC,5 buses,,,0,70,High,train,mr_roman-bulk_order-0,synthetic_template
LL00110,i run a travel company in satara and need vinyl branding for 20 buses. what discount can you offer?,en,bulk_order,vinyl branding,20 buses,satara,,0,75,High,train,en-bulk_order-1,synthetic_template
LL00352,get a loan for your bus business up to 10 lakh with zero documentation. click now!,en,spam,,,,,0,0,Ignore,train,en-spam-9,synthetic_template
LL00868,"हमारे पास 8 बस हैं, सभी में पुशबैक सीट लगवाना है। कृपया कॉल करें।",hi,bulk_order,पुशबैक सीट,8 बस,,,0,70,High,test,hi-bulk_order-3,synthetic_template
LL00365,sir bhai sleeper berth ka rate kya hai? agle hafte tak chahiye thanks,hinglish,price_query,sleeper berth,,,,1,50,Medium,train,hinglish-price_query-0,synthetic_template
LL00679,google pe first page guarantee wali SEO service lo,hinglish,spam,,,,,0,0,Ignore,test,hinglish-spam-5,synthetic_template
LL00675,crypto me invest karo aur 7 din me paisa double karo,hinglish,spam,,,,,0,0,Ignore,val,hinglish-spam-4,synthetic_template
LL00483,"hi bulk order dena hai 120 sets ka, luggage rack chahiye. budget rs 25 lakh agle hafte tak chahiye",hinglish,bulk_order,luggage rack,120 sets,,rs 25 lakh,1,95,High,train,hinglish-bulk_order-2,synthetic_template
LL00476,"meri travels company aurangabad me hai, 50 bus me pushback seats lagwana hai. kitna discount milega?",hinglish,bulk_order,pushback seats,50 bus,aurangabad,,0,75,High,test,hinglish-bulk_order-1,synthetic_template
LL01691,"dada, ratnagiri madhe majhya bus chi delivery 10 divas ushira zali ani koni phone uchalat nahi",mr_roman,complaint,,,ratnagiri,,0,25,Low,train,mr_roman-complaint-4,synthetic_template
LL00978,"वारंटी में बस सीट बदलवाना है, एक महीने में टूट गया। कृपया कॉल करें।",hi,complaint,बस सीट,,,,0,25,Low,train,hi-complaint-5,synthetic_template
LL01056,"नमस्ते, अपने बस बिज़नेस के लिए 3 लाख तक का लोन पाएं, कोई डॉक्यूमेंट नहीं। अभी क्लिक करें",hi,spam,,,,,0,0,Ignore,test,hi-spam-7,synthetic_template
LL00272,get a personal loan up to 1 lakh in 15 minutes. click the link now,en,spam,,,,,0,0,Ignore,train,en-spam-0,synthetic_template
LL01476,please luggage rack che quotation pathva. budget Rs 30000 aahe,mr_roman,price_query,luggage rack,,,Rs 30000,0,45,Medium,train,mr_roman-price_query-2,synthetic_template
LL00806,सीट कवर का प्राइस लिस्ट भेज दीजिए धन्यवाद।,hi,price_query,सीट कवर,,,,0,35,Low,test,hi-price_query-6,synthetic_template
LL01314,CCTV कॅमेरा एका आठवड्यातच बंद पडले. मला रिफंड हवा आहे.,mr,complaint,CCTV कॅमेरा,,,,0,25,Low,train,mr-complaint-3,synthetic_template
LL00658,ghar baithe roz 2000 kamao. WhatsApp karo,hinglish,spam,,,,,0,0,Ignore,train,hinglish-spam-3,synthetic_template
LL00082,"Hey, Qute for 1 seats with LED lights, budegt 1 lakh Thanks",en,price_query,LED lights,1 seats,,1 lakh,0,60,Medium,train,en-price_query-8,synthetic_template
LL00444,sir roof top AC kitne ka paega 3 bus me,hinglish,price_query,roof top AC,3 bus,,,0,50,Medium,test,hinglish-price_query-7,synthetic_template
LL01141,"मला बॉडी पेंट ची किंमत जाणून घ्यायची आहे, बजेट साधारण ₹2 लाख. धन्यवाद.",mr,price_query,बॉडी पेंट,,,₹2 लाख,0,45,Medium,train,mr-price_query-4,synthetic_template
LL00980,"वारंटी में फ्लोरिंग बदलवाना है, एक महीने में टूट गया। अगले हफ्ते तक चाहिए।",hi,complaint,फ्लोरिंग,,,,1,40,Medium,train,hi-complaint-5,synthetic_template
LL01137,"मला सीट कव्हर ची किंमत जाणून घ्यायची आहे, बजेट साधारण ₹1 लाख. खूप अर्जंट आहे",mr,price_query,सीट कव्हर,,,₹1 लाख,1,60,Medium,train,mr-price_query-4,synthetic_template
LL00503,"hello sir hamare paas 15 buses hai, sabme pushback seats lagwana hai. please call karo urgent chahiye",hinglish,bulk_order,pushback seats,15 buses,,,1,85,High,val,hinglish-bulk_order-3,synthetic_template
LL00157,"Need anti-skid flooring for 8 buses, total budget Rs 15 lakh. Please call me. Thank you",en,bulk_order,anti-skid flooring,8 buses,,Rs 15 lakh,0,80,High,train,en-bulk_order-5,synthetic_template
LL01285,"हॅलो सर, मी पडदे चे पैसे दिले, पण काम अजून अपूर्ण आहे. खूप अर्जंट आहे.",mr,complaint,पडदे,,,,1,40,Medium,test,mr-complaint-1,synthetic_template
LL00436,roof top ac ki price list bhejo,hinglish,price_query,roof top ac,,,,0,35,Low,train,hinglish-price_query-6,synthetic_template
LL00077,what would it cost to get luggage racks done on my bus? i'm in nanded.,en,price_query,luggage racks,,nanded,,0,40,Medium,train,en-price_query-7,synthetic_template
LL01390,"हॅलो सर, क्रिप्टोमध्ये गुंतवणूक करा आणि 7 दिवसांत पैसे दुप्पट करा.",mr,spam,,,,,0,0,Ignore,train,mr-spam-4,synthetic_template
LL01654,"ceiling panel che finishing khup vait aahe, tatkal durust kara aajach bolaycha aahe",mr_roman,complaint,ceiling panel,,,,1,40,Medium,test,mr_roman-complaint-2,synthetic_template
LL00757,"कृपया पर्दे का कोटेशन भेजें। बजट ₹50,000 है। जल्दी चाहिए।",hi,price_query,पर्दे,,,"₹50,000",1,60,Medium,train,hi-price_query-2,synthetic_template
LL00432,body paint ki price list bhejo,hinglish,price_query,body paint,,,,0,35,Low,train,hinglish-price_query-6,synthetic_template
LL01459,panvel madhe body paint basvayla kiti kharch yeil,mr_roman,price_query,body paint,,panvel,,0,40,Medium,val,mr_roman-price_query-1,synthetic_template
LL01179,"हॅलो सर, आम्हाला 250 नग साठी रूफ टॉप AC हवे आहे. घाऊक दर काय असेल?",mr,bulk_order,रूफ टॉप AC,250 नग,,,0,70,High,train,mr-bulk_order-0,synthetic_template
LL01199,"माझी ट्रॅव्हल कंपनी नाशिक मध्ये आहे, 10 बसेस मध्ये पुशबॅक सीट बसवायचे आहे. किती सूट मिळेल?",mr,bulk_order,पुशबॅक सीट,10 बसेस,नाशिक,,0,75,High,train,mr-bulk_order-1,synthetic_template
LL00861,"हेलो सर, हमारे पास 40 पीस हैं, सभी में स्लीपर बर्थ लगवाना है। कृपया कॉल करें। धन्यवाद।",hi,bulk_order,स्लीपर बर्थ,40 पीस,,,0,70,High,test,hi-bulk_order-3,synthetic_template
LL01165,CCTV कॅमेरा ची प्राईस लिस्ट पाठवा,mr,price_query,CCTV कॅमेरा,,,,0,35,Low,train,mr-price_query-6,synthetic_template
LL00183,The pushback seats you installed is already damaged. This is unacceptable. Need this done this month,en,complaint,pushback seats,,,,1,40,Medium,train,en-complaint-0,synthetic_template
LL01183,आम्हाला 10 बसेस साठी पुशबॅक सीट हवे आहे. घाऊक दर काय असेल?,mr,bulk_order,पुशबॅक सीट,10 बसेस,,,0,70,High,train,mr-bulk_order-0,synthetic_template
LL01491,3 bus sathi CCTV camera chi kimmat sanga,mr_roman,price_query,CCTV camera,3 bus,,,0,50,Medium,train,mr_roman-price_query-3,synthetic_template
LL01502,"mala flooring chi kimmat janun ghyaychi aahe, budget saadharan 75 hajar",mr_roman,price_query,flooring,,,75 hajar,0,45,Medium,train,mr_roman-price_query-4,synthetic_template
LL00782,"मुझे बॉडी पेंट की कीमत जाननी है, बजट लगभग 1.5 लाख है। कृपया कॉल करें।",hi,price_query,बॉडी पेंट,,,1.5 लाख,0,45,Medium,val,hi-price_query-4,synthetic_template
LL00305,Earn 3000 per day working from home. WatsApp us.,en,spam,,,,,0,0,Ignore,train,en-spam-4,synthetic_template
LL00253,"hi, the reclining seats does not match what was promised. need someone to inspect it. please call me.",en,complaint,reclining seats,,,,0,25,Low,val,en-complaint-5,synthetic_template
LL01719,3 lakh paryant persoal loan 15 minitat mila. aattach click kara,mr_roman,spam,,,,,0,0,Ignore,train,mr_roman-spam-0,synthetic_template
LL01312,लगेज रॅक एका आठवड्यातच बंद पडले. मला रिफंड हवा आहे,mr,complaint,लगेज रॅक,,,,0,25,Low,train,mr-complaint-3,synthetic_template
LL00873,"नमस्ते, लातूर डिलीवरी के लिए 5 बस में पुशबैक सीट चाहिए, 3 हफ्ते में। कृपया कॉल करें।",hi,bulk_order,पुशबैक सीट,5 बस,लातूर,,0,75,High,train,hi-bulk_order-4,synthetic_template
LL00521,"Latur delivey ke liye 12 bus me body paint chahiye, 3 wekes me agle hafte tak chahiye",hinglish,bulk_order,body paint,12 bus,Latur,,1,90,High,train,hinglish-bulk_order-4,synthetic_template
LL00779,"मुझे रूफ टॉप AC की कीमत जाननी है, बजट लगभग 30000 रुपये है। बहुत ज़रूरी है।",hi,price_query,रूफ टॉप AC,,,30000 रुपये,1,60,Medium,val,hi-price_query-4,synthetic_template
LL00127,"Hey, Bulk order: 10 buses need full body paint. Delivery to Hyderabad in 3 weeks. Need it urgently. Please call me.",en,bulk_order,full body paint,10 buses,Hyderabad,,1,90,High,test,en-bulk_order-3,synthetic_template
LL00410,"sir mujhe vinyl branding ki price janni hai, budget around Rs 50000 urgent chahiye",hinglish,price_query,vinyl branding,,,Rs 50000,1,60,Medium,val,hinglish-price_query-4,synthetic_template
LL01253,"12 बसेस साठी पुशबॅक सीट चा घाऊक दर सांगा, एकूण बजेट 5 लाख आहे. पुढच्या आठवड्यापर्यंत हवे",mr,bulk_order,पुशबॅक सीट,12 बसेस,,5 लाख,1,95,High,val,mr-bulk_order-5,synthetic_template
LL00165,"Orderinng full body paint for 25 buses in Satara, plaese confirm the wholesale rate",en,bulk_order,full body paint,25 buses,Satara,,0,75,High,train,en-bulk_order-6,synthetic_template
LL00074,What would it cost to get seat covers done on my bus? I'm in Kolhapur. Thanks.,en,price_query,seat covers,,Kolhapur,,0,40,Medium,train,en-price_query-7,synthetic_template
LL00297,We offer SEO and website ranking services. Guaranteed first page on Google,en,spam,,,,,0,0,Ignore,train,en-spam-3,synthetic_template
LL00719,"free cedit card offer, koi annual fee nahi. abhi apply karo thanks",hinglish,spam,,,,,0,0,Ignore,test,hinglish-spam-9,synthetic_template
LL00364,bhai CCTV camera ka rate kya hai?,hinglish,price_query,CCTV camera,,,,0,35,Low,train,hinglish-price_query-0,synthetic_template
LL00255,"good morning, the cctv cameras does not match what was promised. need someone to inspect it. required by next week. please call me",en,complaint,cctv cameras,,,,1,40,Medium,val,en-complaint-5,synthetic_template
LL00962,बेलगाम में मेरी बस की डिलीवरी 10 दिन लेट हुई और कोई फोन नहीं उठा रहा। अगले हफ्ते तक चाहिए।,hi,complaint,,,बेलगाम,,1,40,Medium,train,hi-complaint-4,synthetic_template
LL01209,"25 बसेस चा बल्क ऑर्डर द्यायचा आहे, CCTV कॅमेरा हवे. बजेट 10 लाख.",mr,bulk_order,CCTV कॅमेरा,25 बसेस,,10 लाख,0,80,High,train,mr-bulk_order-2,synthetic_template
LL01186,"नमस्कार, माझी ट्रॅव्हल कंपनी अहमदाबाद मध्ये आहे, 10 बस मध्ये LED लाईट बसवायचे आहे. किती सूट मिळेल? खूप अर्जंट आहे",mr,bulk_order,LED लाईट,10 बस,अहमदाबाद,,1,90,High,train,mr-bulk_order-1,synthetic_template
LL01662,"hello sir, luggage rack che finishing khup vait aahe, tatkal durust kara",mr_roman,complaint,luggage rack,,,,0,25,Low,test,mr_roman-complaint-2,synthetic_template
LL00792,क्या आप नांदेड़ में पुशबैक सीट का काम करते हैं? रेट बताइए।,hi,price_query,पुशबैक सीट,,नांदेड़,,0,40,Medium,train,hi-price_query-5,synthetic_template
LL00764,3 बस के लिए बस रैप की कीमत बताइए। कृपया कॉल करें।,hi,price_query,बस रैप,3 बस,,,0,50,Medium,train,hi-price_query-3,synthetic_template
LL00482,"bulk order dena hai 40 buses ka, curtains chahiye. budget 50l",hinglish,bulk_order,curtains,40 buses,,50l,0,80,High,train,hinglish-bulk_order-2,synthetic_template
LL01100,नाशिक मध्ये LED लाईट बसवायला किती खर्च येईल,mr,price_query,LED लाईट,,नाशिक,,0,40,Medium,train,mr-price_query-1,synthetic_template
LL00443,sir bus seats kitne ka paedga 1 bus me aaj hi baat karni hai,hinglish,price_query,bus seats,1 bus,,,1,65,Medium,test,hinglish-price_query-7,synthetic_template
LL00629,"namaste warranty me seat cover change karwana hai, ek mahine me toot gaya agle hafte tak chahiye",hinglish,complaint,seat cover,,,,1,40,Medium,test,hinglish-complaint-5,synthetic_template
LL01127,1 बस साठी पडदे ची किंमत सांगा. धन्यवाद.,mr,price_query,पडदे,1 बस,,,0,50,Medium,val,mr-price_query-3,synthetic_template
LL01341,"वॉरंटीमध्ये CCTV कॅमेरा बदलून हवे आहे, एका महिन्यात तुटले.",mr,complaint,CCTV कॅमेरा,,,,0,25,Low,val,mr-complaint-5,synthetic_template
LL00683,hi google pe first page guarantee wali SEO srvice lo,hinglish,spam,,,,,0,0,Ignore,test,hinglish-spam-5,synthetic_template
LL01389,क्रिप्टोमध्ये गुंतवणूक करा आणि 5 दिवसांत पैसे दुप्पट करा. धन्यवाद.,mr,spam,,,,,0,0,Ignore,train,mr-spam-4,synthetic_template
LL01533,"namaskar, amhala 10 buses sathi flooring have aahe. ghau dar kay asel?",mr_roman,bulk_order,flooring,10 buses,,,0,70,High,train,mr_roman-bulk_order-0,synthetic_template
LL01276,"मी लगेज रॅक चे पैसे दिले, पण काम अजून अपूर्ण आहे.",mr,complaint,लगेज रॅक,,,,0,25,Low,test,mr-complaint-1,synthetic_template
LL01258,"8 बस साठी बस सीट चा घाऊक दर सांगा, एकूण बजेट 1 कोटी आहे. पुढच्या आठवड्यापर्यंत हवे. धन्यवाद",mr,bulk_order,बस सीट,8 बस,,1 कोटी,1,95,High,val,mr-bulk_order-5,synthetic_template
LL00766,"हेलो सर, 1 बस के लिए रूफ टॉप AC की कीमत बताइए।",hi,price_query,रूफ टॉप AC,1 बस,,,0,50,Medium,train,hi-price_query-3,synthetic_template
LL00489,"bulk order dena hai 12 bus ka, ceiling panel chahiye. budget 1 cr call karna",hinglish,bulk_order,ceiling panel,12 bus,,1 cr,0,80,High,train,hinglish-bulk_order-2,synthetic_template
LL01244,"नाशिक मध्ये डिलिव्हरीसाठी 5 बसेस मध्ये पुशबॅक सीट हवे, 3 आठवड्यात. लवकर हवे आहे.",mr,bulk_order,पुशबॅक सीट,5 बसेस,नाशिक,,1,90,High,train,mr-bulk_order-4,synthetic_template
LL01710,"warranty madhe pushback seats badlun hava aahe, ek mahinyat tutle pudhchya athavdyaparyant have",mr_roman,complaint,pushback seats,,,,1,40,Medium,val,mr_roman-complaint-5,synthetic_template
LL01023,"नमस्ते, घर बैठे रोज़ 2000 कमाएं। WhatsApp करें।",hi,spam,,,,,0,0,Ignore,train,hi-spam-3,synthetic_template
LL01716,3 lakh paryant personal loan 5 minitat mila. aatach click kara!,mr_roman,spam,,,,,0,0,Ignore,train,mr_roman-spam-0,synthetic_template
LL01501,"mala cctv camera chi kimmat janun ghyaychi aahe, budget saadharan 50 hajar khup urgent aahe",mr_roman,price_query,cctv camera,,,50 hajar,1,60,Medium,train,mr_roman-price_query-4,synthetic_template
LL01044,"नमस्ते, गूगल पर पहले पेज की गारंटी के साथ SEO सर्विस पाएं। कृपया कॉल करें।",hi,spam,,,,,0,0,Ignore,train,hi-spam-5,synthetic_template
LL00537,"40 sets ke liye led lights ka wholesale rate batao, total budget 1 crore",hinglish,bulk_order,led lights,40 sets,,1 crore,0,80,High,train,hinglish-bulk_order-5,synthetic_template
LL01018,घर बैठे रोज़ 10000 कमाएं। WhatsApp करें।,hi,spam,,,,,0,0,Ignore,train,hi-spam-3,synthetic_template
LL01004,बधाई हो! आपने फ्री iPhone जीता है। अभी क्लेम करें। धन्यवाद।,hi,spam,,,,,0,0,Ignore,train,hi-spam-1,synthetic_template
LL00232,"hello sir, sleeper berths stoppeed working within a week. i want a refund.",en,complaint,sleeper berths,,,,0,25,Low,train,en-complaint-3,synthetic_template
LL00268,Wrranty claim for CCTV cameras. It brroke after one month.,en,complaint,CCTV cameras,,,,0,25,Low,train,en-complaint-6,synthetic_template
LL01129,3 बसेस साठी बस रॅप ची किंमत सांगा.,mr,price_query,बस रॅप,3 बसेस,,,0,50,Medium,val,mr-price_query-3,synthetic_template
LL00248,the full body paint does not match what was promised. need someone to inspect it. thanks.,en,complaint,full body paint,,,,0,25,Low,val,en-complaint-5,synthetic_template
LL01109,कृपया सीट कव्हर चे कोटेशन पाठवा. बजेट 20000 रुपये आहे. धन्यवाद,mr,price_query,सीट कव्हर,,,20000 रुपये,0,45,Medium,test,mr-price_query-2,synthetic_template
LL01645,"namaskar, mi pushback seats che paise dile pan kaam ajun apurna aahe thanks",mr_roman,complaint,pushback seats,,,,0,25,Low,train,mr_roman-complaint-1,synthetic_template
LL01637,"namaskar, mi ceiling panel che paise dile pan kaam ajun apurna aahe pudhchya athavdyaparyant have",mr_roman,complaint,ceiling panel,,,,1,40,Medium,train,mr_roman-complaint-1,synthetic_template
LL01797,"free credit card offer, annual fee nahi. aatach appy kara",mr_roman,spam,,,,,0,0,Ignore,train,mr_roman-spam-9,synthetic_template
LL01309,रूफ टॉप AC एका आठवड्यातच बंद पडले. मला रिफंड हवा आहे. धन्यवाद.,mr,complaint,रूफ टॉप AC,,,,0,25,Low,train,mr-complaint-3,synthetic_template
LL00853,"हेलो सर, 20 बसों का बल्क ऑर्डर देना है, स्लीपर बर्थ चाहिए। बजट ₹50 लाख। जल्दी चाहिए। धन्यवाद।",hi,bulk_order,स्लीपर बर्थ,20 बसों,,₹50 लाख,1,95,High,train,hi-bulk_order-2,synthetic_template
LL01076,"फ्री क्रेडिट कार्ड ऑफर, कोई वार्षिक शुल्क नहीं। अभी अप्लाई करें। धन्यवाद।",hi,spam,,,,,0,0,Ignore,train,hi-spam-9,synthetic_template
LL00545,jo flooring aapne lagaya tha wo kharab ho gaya. ye theek nahi hai,hinglish,complaint,flooring,,,,0,25,Low,train,hinglish-complaint-0,synthetic_template
LL01604,"hello sir, Pune madhe delivery sati 200 sets madeh sleeper berth have, 3 ahtavdyat dhanyavad",mr_roman,bulk_order,sleeper berth,200 sets,Pune,,0,75,High,test,mr_roman-bulk_order-4,synthetic_template
LL00870,"हमारे पास 5 बस हैं, सभी में सीट कवर लगवाना है। कृपया कॉल करें। जल्दी चाहिए।",hi,bulk_order,सीट कवर,5 बस,,,1,85,High,test,hi-bulk_order-3,synthetic_template
LL00217,"Hi, Very poor finish on the bus wrap. Please fix it immediately. Need it urgently.",en,complaint,bus wrap,,,,1,40,Medium,train,en-complaint-2,synthetic_template
LL00731,LED लाइट का रेट क्या है? बहुत ज़रूरी है।,hi,price_query,LED लाइट,,,,1,50,Medium,train,hi-price_query-0,synthetic_template
LL01527,led lights chi price list pathva khup urgent aahe,mr_roman,price_query,led lights,,,,1,50,Medium,test,mr_roman-price_query-6,synthetic_template
LL00100,"Good morning, We want to orer music system for 10 buses. Please sare bulk pricing.",en,bulk_order,music system,10 buses,,,0,70,High,train,en-bulk_order-0,synthetic_template
LL00092,We want to order full body paint for 12 buses. Please share bulk pricing. Thanks,en,bulk_order,full body paint,12 buses,,,0,70,High,train,en-bulk_order-0,synthetic_template
LL00721,स्लीपर बर्थ का रेट क्या है? बहुत ज़रूरी है।,hi,price_query,स्लीपर बर्थ,,,,1,50,Medium,train,hi-price_query-0,synthetic_template
LL00358,"Grow your travel business with guaranteed leads. Limited offer, contact us today",en,spam,,,,,0,0,Ignore,train,en-spam-10,synthetic_template
LL01249,"10 बस साठी फ्लोअरिंग चा घाऊक दर सांगा, एकूण बजेट 25 लाख आहे.",mr,bulk_order,फ्लोअरिंग,10 बस,,25 लाख,0,80,High,val,mr-bulk_order-5,synthetic_template
LL01373,"इंस्टाग्राम फॉलोअर्स 10k वाढवा, स्वस्त दर. आत्ताच DM करा.",mr,spam,,,,,0,0,Ignore,train,mr-spam-2,synthetic_template
LL01087,रूफ टॉप AC चा रेट काय आहे?,mr,price_query,रूफ टॉप AC,,,,0,35,Low,train,mr-price_query-0,synthetic_template
LL00579,"music system ki finishing bahut kharab hai, turant thheek karo call karna",hinglish,complaint,music system,,,,0,25,Low,train,hinglish-complaint-2,synthetic_template
LL00942,"नमस्ते, सीलिंग पैनल की फिनिशिंग बहुत खराब है, तुरंत ठीक करवाइए। आज ही बात करनी है।",hi,complaint,सीलिंग पैनल,,,,1,40,Medium,test,hi-complaint-2,synthetic_template
LL01358,3 लाखांपर्यंत पर्सनल लोन 5 मिनिटांत मिळवा. आत्ताच क्लिक करा,mr,spam,,,,,0,0,Ignore,val,mr-spam-0,synthetic_template
LL01166,बस सीट ची प्राईस लिस्ट पाठवा,mr,price_query,बस सीट,,,,0,35,Low,train,mr-price_query-6,synthetic_template
LL00492,"bulk order dena hai 12 bus ka, flooring chahiye. budget 8L",hinglish,bulk_order,flooring,12 bus,,8L,0,80,High,train,hinglish-bulk_order-2,synthetic_template
LL01508,"hello sir, tumih Vasai mahde bus wrap che kaam kartta ka? dar sanga",mr_roman,price_query,bus wrap,,Vasai,,0,40,Medium,train,mr_roman-price_query-5,synthetic_template
LL01605,"nashik madhe delivery sathi 40 bus madhe flooring have, 3 athavdyat",mr_roman,bulk_order,flooring,40 bus,nashik,,0,75,High,test,mr_roman-bulk_order-4,synthetic_template
LL00420,kya aap Mumbai me LED lights ka kaam karte ho? rate batao,hinglish,price_query,LED lights,,Mumbai,,0,40,Medium,train,hinglish-price_query-5,synthetic_template
LL00247,"Good morning, The bus AC does not match what was promised. Need someone to inspect it. Required by next week.",en,complaint,bus AC,,,,1,40,Medium,val,en-complaint-5,synthetic_template
LL00726,"नमस्ते, CCTV कैमरा का रेट क्या है?",hi,price_query,CCTV कैमरा,,,,0,35,Low,train,hi-price_query-0,synthetic_template
LL01664,"ceiling panel che finishing khup vait aahe, tatkal durust kara pudhchya athavdyaparyant have",mr_roman,complaint,ceiling panel,,,,1,40,Medium,test,mr_roman-complaint-2,synthetic_template
LL01610,"20 buses sathi roof top AC cha ghau dar sanga, ekun budget Rs 10 lakh aahe",mr_roman,bulk_order,roof top AC,20 buses,,Rs 10 lakh,0,80,High,train,mr_roman-bulk_order-5,synthetic_template
LL00343,Buy 1 get 1 free on all sarees. Visit our store today! Thanks.,en,spam,,,,,0,0,Ignore,test,en-spam-8,synthetic_template
LL01215,"नमस्कार, 40 नग चा बल्क ऑर्डर द्यायचा आहे, बस रॅप हवे. बजेट 5 लाख. आजच बोलायचे आहे",mr,bulk_order,बस रॅप,40 नग,,5 लाख,1,95,High,train,mr-bulk_order-2,synthetic_template
LL00230,"Hello sir, reclining seats stopped working wthin a week. I want a refund.",en,complaint,reclining seats,,,,0,25,Low,train,en-complaint-3,synthetic_template
LL01648,mi LED lights che paise dile pan kaam ajun apurna aahe,mr_roman,complaint,LED lights,,,,0,25,Low,train,mr_roman-complaint-1,synthetic_template
LL01655,"bus wrap che finishing khup vait aahe, tatkal durust kara khup urgent aahe dhanyavad",mr_roman,complaint,bus wrap,,,,1,40,Medium,test,mr_roman-complaint-2,synthetic_template
LL01425,"नमस्कार, तुमच्या ट्रॅव्हल व्यवसायासाठी हमखास लीड्स मिळवा. मर्यादित ऑफर, आजच संपर्क साधा",mr,spam,,,,,0,0,Ignore,val,mr-spam-8,synthetic_template
LL00800,CCTV कैमरा का प्राइस लिस्ट भेज दीजिए,hi,price_query,CCTV कैमरा,,,,0,35,Low,test,hi-price_query-6,synthetic_template
LL00742,ठाणे में म्यूजिक सिस्टम लगवाने का खर्च कितना आएगा?,hi,price_query,म्यूजिक सिस्टम,,ठाणे,,0,40,Medium,train,hi-price_query-1,synthetic_template
LL01218,"आमच्याकडे 40 बस आहेत, सर्वांमध्ये बस रॅप बसवायचे आहे. कृपया कॉल करा. धन्यवाद.",mr,bulk_order,बस रॅप,40 बस,,,0,70,High,test,mr-bulk_order-3,synthetic_template
LL00652,"namaste instagram followerrs 1k badhao, sasa rate. DM karo thanks",hinglish,spam,,,,,0,0,Ignore,train,hinglish-spam-2,synthetic_template
LL01302,"सीट कव्हर चे फिनिशिंग खूप वाईट आहे, ताबडतोब दुरुस्त करा. कृपया कॉल करा",mr,complaint,सीट कव्हर,,,,0,25,Low,train,mr-complaint-2,synthetic_template
LL01774,"tumchya bus vyavsayasathi 10 lakh paryant loan mila, kagdapatre nahit. aatach click kara",mr_roman,spam,,,,,0,0,Ignore,test,mr_roman-spam-7,synthetic_template
LL00921,"मैंने पर्दे के पैसे दे दिए, लेकिन काम अभी तक अधूरा है।",hi,complaint,पर्दे,,,,0,25,Low,val,hi-complaint-1,synthetic_template
LL01528,body paint chi pricce list pathva,mr_roman,price_query,body paint,,,,0,35,Low,test,mr_roman-price_query-6,synthetic_template
LL01625,tumhi basvlele roof top AC kharab zale aahe. he barobar nahi,mr_roman,complaint,roof top AC,,,,0,25,Low,train,mr_roman-complaint-0,synthetic_template
LL00889,"15 बसों के लिए म्यूजिक सिस्टम का थोक रेट बताइए, कुल बजट ₹8 लाख है।",hi,bulk_order,म्यूजिक सिस्टम,15 बसों,,₹8 लाख,0,80,High,train,hi-bulk_order-5,synthetic_template
LL00627,"wraranty me sleeper berth change karwana hai, ek mahnie me toot gaya thanks",hinglish,complaint,sleeper berth,,,,0,25,Low,test,hinglish-complaint-5,synthetic_template
LL00822,"नमस्ते, हमें 40 बस के लिए म्यूजिक सिस्टम चाहिए। थोक में क्या रेट मिलेगा? जल्दी चाहिए। धन्यवाद।",hi,bulk_order,म्यूजिक सिस्टम,40 बस,,,1,85,High,val,hi-bulk_order-0,synthetic_template
LL01229,"आमच्याकडे 120 नग आहेत, सर्वांमध्ये रूफ टॉप AC बसवायचे आहे. कृपया कॉल करा.",mr,bulk_order,रूफ टॉप AC,120 नग,,,0,70,High,test,mr-bulk_order-3,synthetic_template
LL01506,tumhi Satara madhe luggage rack che kaam karta ka? dar sanga,mr_roman,price_query,luggage rack,,Satara,,0,40,Medium,train,mr_roman-price_query-5,synthetic_template
LL01344,"नमस्कार, वॉरंटीमध्ये सीलिंग पॅनल बदलून हवे आहे, एका महिन्यात तुटले. खूप अर्जंट आहे",mr,complaint,सीलिंग पॅनल,,,,1,40,Medium,val,mr-complaint-5,synthetic_template
LL01327,अहमदाबाद मध्ये माझ्या बसची डिलिव्हरी 10 दिवस उशिरा झाली आणि कोणी फोन उचलत नाही.,mr,complaint,,,अहमदाबाद,,0,25,Low,train,mr-complaint-4,synthetic_template
LL00875,"रत्नागिरी डिलीवरी के लिए 50 सेट में सीट कवर चाहिए, 3 हफ्ते में। कृपया कॉल करें।",hi,bulk_order,सीट कवर,50 सेट,रत्नागिरी,,0,75,High,train,hi-bulk_order-4,synthetic_template
LL00688,sabhi sarees pe 1 ke satah 1 free. aaj hi dukaan aao thanks,hinglish,spam,,,,,0,0,Ignore,train,hinglish-spam-6,synthetic_template
LL01154,तुम्ही लातूर मध्ये LED लाईट चे काम करता का? दर सांगा. लवकर हवे आहे. धन्यवाद.,mr,price_query,LED लाईट,,लातूर,,1,55,Medium,train,mr-price_query-5,synthetic_template
LL00216,very poor fiinish on the seat covers. pleaase fix it immediately. please call me.,en,complaint,seat covers,,,,0,25,Low,train,en-complaint-2,synthetic_template
LL00206,"Good morning, I paid for LED lights but the work is still incomplete after 2 weeks. Need it urgently.",en,complaint,LED lights,,,,1,40,Medium,train,en-complaint-1,synthetic_template
LL00266,Warranty claim for roof-top AC. It broke after one month. Required by next week,en,complaint,roof-top AC,,,,1,40,Medium,train,en-complaint-6,synthetic_template
LL01038,"नमस्ते, गूगल पर पहले पेज की गारंटी के साथ SEO सर्विस पाएं।",hi,spam,,,,,0,0,Ignore,train,hi-spam-5,synthetic_template
LL01617,"12 bus saathi ceiling panel cha ghau dar sanga, ekun buudget 8 lakh rupaye aahe",mr_roman,bulk_order,ceiling panel,12 bus,,8 lakh rupaye,0,80,High,train,mr_roman-bulk_order-5,synthetic_template
LL01429,"नमस्कार, तुमच्या ट्रॅव्हल व्यवसायासाठी हमखास लीड्स मिळवा. मर्यादित ऑफर, आजच संपर्क साधा. कृपया कॉल करा.",mr,spam,,,,,0,0,Ignore,val,mr-spam-8,synthetic_template
LL00275,"hi, get a personal loan up to 5 lakh in 5 minutes. click the link now!",en,spam,,,,,0,0,Ignore,train,en-spam-0,synthetic_template
LL00951,"नमस्ते, पर्दे एक हफ्ते में ही बंद हो गया। मुझे रिफंड चाहिए।",hi,complaint,पर्दे,,,,0,25,Low,train,hi-complaint-3,synthetic_template
LL01631,tumhi basvlele luggage rack kharab zale aahe. he barobar nahi aajach bolaycha aahe call kara,mr_roman,complaint,luggage rack,,,,1,40,Medium,train,mr_roman-complaint-0,synthetic_template
LL01375,"हॅलो सर, इंस्टाग्राम फॉलोअर्स 50k वाढवा, स्वस्त दर. आत्ताच DM करा",mr,spam,,,,,0,0,Ignore,train,mr-spam-2,synthetic_template
LL00569,maine roof top AC ke paise de diye lekin kaam abhi tak adhura hai,hinglish,complaint,roof top AC,,,,0,25,Low,train,hinglish-complaint-1,synthetic_template
LL00174,We are a school in Solapur. Need interior LED lighting for 30 buses. What is the best price?,en,bulk_order,interior LED lighting,30 buses,Solapur,,0,75,High,val,en-bulk_order-7,synthetic_template
LL00102,We want to oder ceiling panels for 50 units. Pleaes share bulk pricing. Thank you.,en,bulk_order,ceiling panels,50 units,,,0,70,High,train,en-bulk_order-0,synthetic_template
LL01016,"हेलो सर, इंस्टाग्राम फॉलोअर्स 10k बढ़ाएं, सस्ते रेट। अभी DM करें।",hi,spam,,,,,0,0,Ignore,train,hi-spam-2,synthetic_template
LL01006,"हेलो सर, बधाई हो! आपने फ्री iPhone जीता है। अभी क्लेम करें। कृपया कॉल करें।",hi,spam,,,,,0,0,Ignore,train,hi-spam-1,synthetic_template
LL00953,CCTV कैमरा एक हफ्ते में ही बंद हो गया। मुझे रिफंड चाहिए।,hi,complaint,CCTV कैमरा,,,,0,25,Low,train,hi-complaint-3,synthetic_template
LL00946,सीट कवर एक हफ्ते में ही बंद हो गया। मुझे रिफंड चाहिए। जल्दी चाहिए।,hi,complaint,सीट कवर,,,,1,40,Medium,train,hi-complaint-3,synthetic_template
LL01073,"नमस्ते, फ्री क्रेडिट कार्ड ऑफर, कोई वार्षिक शुल्क नहीं। अभी अप्लाई करें।",hi,spam,,,,,0,0,Ignore,train,hi-spam-9,synthetic_template
LL01541,"hello sir, amahla 15 buses satih flooring have aahe. ghau dar kay asel?",mr_roman,bulk_order,flooring,15 buses,,,0,70,High,train,mr_roman-bulk_order-0,synthetic_template
LL01539,amhala 15 buses sathi sleeper berth have aahe. ghau dar kay asel?,mr_roman,bulk_order,sleeper berth,15 buses,,,0,70,High,train,mr_roman-bulk_order-0,synthetic_template
LL01369,"इंस्टाग्राम फॉलोअर्स 1k वाढवा, स्वस्त दर. आत्ताच DM करा.",mr,spam,,,,,0,0,Ignore,train,mr-spam-2,synthetic_template
LL00706,"apne travel business ke liye guaranteed leads pao. limied offer, aaj hi contact karo",hinglish,spam,,,,,0,0,Ignore,train,hinglish-spam-8,synthetic_template
LL00050,Do you innstall bus AC in Nashik? What's the cost?,en,price_query,bus AC,,Nashik,,0,40,Medium,train,en-price_query-4,synthetic_template
LL01081,"नमस्कार, पुशबॅक सीट चा रेट काय आहे",mr,price_query,पुशबॅक सीट,,,,0,35,Low,train,mr-price_query-0,synthetic_template
LL00345,"hi, get a loan for your bus business up to 2 lakh with zero documentation. click now!",en,spam,,,,,0,0,Ignore,train,en-spam-9,synthetic_template
LL01366,"हॅलो सर, अभिनंदन! तुम्ही फ्री iPhone जिंकला आहे. आत्ताच क्लेम करा",mr,spam,,,,,0,0,Ignore,test,mr-spam-1,synthetic_template
LL00832,"मेरी ट्रैवल कंपनी कोल्हापुर में है, 25 बसों में सीट कवर लगवाना है। कितना डिस्काउंट मिलेगा",hi,bulk_order,सीट कवर,25 बसों,कोल्हापुर,,0,75,High,train,hi-bulk_order-1,synthetic_template
LL01414,"तुमच्या बस व्यवसायासाठी 1 लाखांपर्यंत कर्ज मिळवा, कागदपत्रे नाहीत. आत्ताच क्लिक करा!",mr,spam,,,,,0,0,Ignore,train,mr-spam-7,synthetic_template
LL01626,tumhi basvlele flooring kharab zale aahe. he barobar nahi pudhchya athavdyaparyant have,mr_roman,complaint,flooring,,,,1,40,Medium,train,mr_roman-complaint-0,synthetic_template
LL00279,Get a persnoal loan up to 3 lakh in 5 minutes. Cilck the link now,en,spam,,,,,0,0,Ignore,train,en-spam-0,synthetic_template
LL00403,10 seats ke liye seat cover ki price batao thanks,hinglish,price_query,seat cover,10 seats,,,0,50,Medium,train,hinglish-price_query-3,synthetic_template
LL01546,"dada, maji travels company Thane maadhe aahe, 8 bus mdahe seat cover bavsaycha aahe. kiti sut milel",mr_roman,bulk_order,seat cover,8 bus,Thane,,0,75,High,train,mr_roman-bulk_order-1,synthetic_template
LL00101,we want to order cctv cameras for 40 buses. please share bulk pricing. required by next week. thank you.,en,bulk_order,cctv cameras,40 buses,,,1,85,High,train,en-bulk_order-0,synthetic_template
LL00958,पर्दे एक हफ्ते में ही बंद हो गया। मुझे रिफंड चाहिए। धन्यवाद।,hi,complaint,पर्दे,,,,0,25,Low,train,hi-complaint-3,synthetic_template
LL01339,"वॉरंटीमध्ये सीट कव्हर बदलून हवे आहे, एका महिन्यात तुटले. पुढच्या आठवड्यापर्यंत हवे.",mr,complaint,सीट कव्हर,,,,1,40,Medium,val,mr-complaint-5,synthetic_template
LL00138,Our fleet of 50 buses needs anti-skid flooring. Can we schedule a visit to Solapur? Please call me.,en,bulk_order,anti-skid flooring,50 buses,Solapur,,0,75,High,train,en-bulk_order-4,synthetic_template
LL01139,"नमस्कार, मला म्युझिक सिस्टीम ची किंमत जाणून घ्यायची आहे, बजेट साधारण 75 हजार. कृपया कॉल करा.",mr,price_query,म्युझिक सिस्टीम,,,75 हजार,0,45,Medium,train,mr-price_query-4,synthetic_template
LL00008,what is the price of bus wrap for a bus,en,price_query,bus wrap,,,,0,35,Low,train,en-price_query-0,synthetic_template
LL01171,आम्हाला 40 बस साठी पुशबॅक सीट हवे आहे. घाऊक दर काय असेल,mr,bulk_order,पुशबॅक सीट,40 बस,,,0,70,High,train,mr-bulk_order-0,synthetic_template
LL00571,"hello sir bus wrap ki finishing bahut kharab hai, turatn theek karo thanks",hinglish,complaint,bus wrap,,,,0,25,Low,train,hinglish-complaint-2,synthetic_template
LL01644,mi music system che paise dile pan kaam ajun apurna aahe,mr_roman,complaint,music system,,,,0,25,Low,train,mr_roman-complaint-1,synthetic_template
LL00140,"hello sir, our fleet of 250 units needs seat covers. can we schedule a visit to nashik",en,bulk_order,seat covers,250 units,nashik,,0,75,High,train,en-bulk_order-4,synthetic_template
LL01330,सातारा मध्ये माझ्या बसची डिलिव्हरी 10 दिवस उशिरा झाली आणि कोणी फोन उचलत नाही. लवकर हवे आहे.,mr,complaint,,,सातारा,,1,40,Medium,train,mr-complaint-4,synthetic_template
LL01204,"नमस्कार, 5 बस चा बल्क ऑर्डर द्यायचा आहे, LED लाईट हवे. बजेट 1 कोटी.",mr,bulk_order,LED लाईट,5 बस,,1 कोटी,0,80,High,train,mr-bulk_order-2,synthetic_template
LL00007,"hey, what is the price of reclining seats for a bus? please call me.",en,price_query,reclining seats,,,,0,35,Low,train,en-price_query-0,synthetic_template
LL00893,"8 बसों के लिए बस सीट का थोक रेट बताइए, कुल बजट 10 लाख है।",hi,bulk_order,बस सीट,8 बसों,,10 लाख,0,80,High,train,hi-bulk_order-5,synthetic_template
LL00452,hume 40 sets ke liye CCTV camera chahiye. bulk me kya rate milega?,hinglish,bulk_order,CCTV camera,40 sets,,,0,70,High,train,hinglish-bulk_order-0,synthetic_template
LL01242,"लातूर मध्ये डिलिव्हरीसाठी 15 बस मध्ये म्युझिक सिस्टीम हवे, 3 आठवड्यात. खूप अर्जंट आहे. धन्यवाद",mr,bulk_order,म्युझिक सिस्टीम,15 बस,लातूर,,1,90,High,train,mr-bulk_order-4,synthetic_template
LL00055,Price list for vinyl branding please,en,price_query,vinyl branding,,,,0,35,Low,train,en-price_query-5,synthetic_template
LL00241,"hi, your team delayed my bus delivery in kalyan by 10 days and nobody is answering my calls. thank you.",en,complaint,,,kalyan,,0,25,Low,test,en-complaint-4,synthetic_template
LL01571,"bulk order dyaycha aahe 50 bus cha, seat cover have. budget 8 lakh rupaye pudhchya athavdyaparyant have",mr_roman,bulk_order,seat cover,50 bus,,8 lakh rupaye,1,95,High,val,mr_roman-bulk_order-2,synthetic_template
LL00041,"Hi, Do you insall ceiling panels in Ahmedabad? What's the cost? Need this done this month",en,price_query,ceiling panels,,Ahmedabad,,1,55,Medium,train,en-price_query-4,synthetic_template
LL01050,सारी साड़ियों पर एक के साथ एक फ्री। आज ही दुकान पर आएं। कृपया कॉल करें।,hi,spam,,,,,0,0,Ignore,test,hi-spam-6,synthetic_template
LL00894,"40 बस के लिए पर्दे का थोक रेट बताइए, कुल बजट 1 करोड़ है। आज ही बात करनी है।",hi,bulk_order,पर्दे,40 बस,,1 करोड़,1,95,High,train,hi-bulk_order-5,synthetic_template
LL01150,तुम्ही ठाणे मध्ये स्लीपर बर्थ चे काम करता का? दर सांगा,mr,price_query,स्लीपर बर्थ,,ठाणे,,0,40,Medium,train,mr-price_query-5,synthetic_template
LL00249,The bus seats does not match what was promised. Need someone to inspect it. Please call me.,en,complaint,bus seats,,,,0,25,Low,val,en-complaint-5,synthetic_template
LL01757,google var pahilya paanachi guarantee asleli SEO seva mila,mr_roman,spam,,,,,0,0,Ignore,test,mr_roman-spam-5,synthetic_template
LL01659,"luggage rack che finishing khup vait aahe, tatakl durust kara",mr_roman,complaint,luggage rack,,,,0,25,Low,test,mr_roman-complaint-2,synthetic_template
LL00785,"मुझे फ्लोरिंग की कीमत जाननी है, बजट लगभग 50000 रुपये है।",hi,price_query,फ्लोरिंग,,,50000 रुपये,0,45,Medium,val,hi-price_query-4,synthetic_template
LL01347,"नमस्कार, वॉरंटीमध्ये सीलिंग पॅनल बदलून हवे आहे, एका महिन्यात तुटले",mr,complaint,सीलिंग पॅनल,,,,0,25,Low,val,mr-complaint-5,synthetic_template
LL01294,"लगेज रॅक चे फिनिशिंग खूप वाईट आहे, ताबडतोब दुरुस्त करा.",mr,complaint,लगेज रॅक,,,,0,25,Low,train,mr-complaint-2,synthetic_template
LL00264,Warranty claim for luggage racks. It broke after one month,en,complaint,luggage racks,,,,0,25,Low,train,en-complaint-6,synthetic_template
LL01557,"namaskar, majhi travels comapny navi mumbai mdhe aahe, 50 buses mahde padde bsvaycha aahe. kiti sut milel?",mr_roman,bulk_order,padde,50 buses,navi mumbai,,0,75,High,train,mr_roman-bulk_order-1,synthetic_template
LL00054,Price list for luggage racks please Required by next week.,en,price_query,luggage racks,,,,1,50,Medium,train,en-price_query-5,synthetic_template
LL00842,"हेलो सर, 20 बस का बल्क ऑर्डर देना है, पुशबैक सीट चाहिए। बजट 15 लाख। आज ही बात करनी है। कृपया कॉल करें।",hi,bulk_order,पुशबैक सीट,20 बस,,15 लाख,1,95,High,train,hi-bulk_order-2,synthetic_template
LL00328,"Dear sir, we are a supplier of cheap LED lights from China. Reply for a catalogue",en,spam,,,,,0,0,Ignore,val,en-spam-6,synthetic_template
LL01356,2 लाखांपर्यंत पर्सनल लोन 10 मिनिटांत मिळवा. आत्ताच क्लिक करा,mr,spam,,,,,0,0,Ignore,val,mr-spam-0,synthetic_template
LL01190,"माझी ट्रॅव्हल कंपनी नाशिक मध्ये आहे, 20 बसेस मध्ये पुशबॅक सीट बसवायचे आहे. किती सूट मिळेल?",mr,bulk_order,पुशबॅक सीट,20 बसेस,नाशिक,,0,75,High,train,mr-bulk_order-1,synthetic_template
LL01768,sarva sadyanvar ekavar ek free. aajach dukanat ya,mr_roman,spam,,,,,0,0,Ignore,train,mr_roman-spam-6,synthetic_template
LL00922,"हेलो सर, मैंने LED लाइट के पैसे दे दिए, लेकिन काम अभी तक अधूरा है।",hi,complaint,LED लाइट,,,,0,25,Low,val,hi-complaint-1,synthetic_template
LL00374,belgaum me cctv camera lagwane ka kitna kharcha aayega? aaj hi baat karni hai,hinglish,price_query,cctv camera,,belgaum,,1,55,Medium,train,hinglish-price_query-1,synthetic_template
LL01478,plesae bus seats che quotation pathva. budgte 3 lakh aahe,mr_roman,price_query,bus seats,,,3 lakh,0,45,Medium,train,mr_roman-price_query-2,synthetic_template
LL01758,google var pahilya panachi guarantee asleli seo seva mila,mr_roman,spam,,,,,0,0,Ignore,test,mr_roman-spam-5,synthetic_template
LL00302,We offer SEO and website ranking services. Guaraneted first page on Google.,en,spam,,,,,0,0,Ignore,train,en-spam-3,synthetic_template
LL00872,"हेलो सर, औरंगाबाद डिलीवरी के लिए 50 बसों में सीलिंग पैनल चाहिए, 3 हफ्ते में। अगले हफ्ते तक चाहिए।",hi,bulk_order,सीलिंग पैनल,50 बसों,औरंगाबाद,,1,90,High,train,hi-bulk_order-4,synthetic_template
LL00657,"instagrram followers 50k badhao, sata rate. dm karo",hinglish,spam,,,,,0,0,Ignore,train,hinglish-spam-2,synthetic_template
LL01328,नाशिक मध्ये माझ्या बसची डिलिव्हरी 10 दिवस उशिरा झाली आणि कोणी फोन उचलत नाही,mr,complaint,,,नाशिक,,0,25,Low,train,mr-complaint-4,synthetic_template
LL01102,ठाणे मध्ये म्युझिक सिस्टीम बसवायला किती खर्च येईल,mr,price_query,म्युझिक सिस्टीम,,ठाणे,,0,40,Medium,train,mr-price_query-1,synthetic_template
LL00961,औरंगाबाद में मेरी बस की डिलीवरी 10 दिन लेट हुई और कोई फोन नहीं उठा रहा।,hi,complaint,,,औरंगाबाद,,0,25,Low,train,hi-complaint-4,synthetic_template
LL00026,how much would vinyl branding cost for 2 buses in kolhapur?,en,price_query,vinyl branding,2 buses,kolhapur,,0,55,Medium,train,en-price_query-2,synthetic_template
LL00369,namaste bhai body paint ka rate kya hai?,hinglish,price_query,body paint,,,,0,35,Low,train,hinglish-price_query-0,synthetic_template
LL00803,"नमस्ते, लगेज रैक का प्राइस लिस्ट भेज दीजिए जल्दी चाहिए।",hi,price_query,लगेज रैक,,,,1,50,Medium,test,hi-price_query-6,synthetic_template
LL00535,"namaste 25 bus ke liye sleeper berth ka wholesale rate batao, total budget Rs 10 lakh",hinglish,bulk_order,sleeper berth,25 bus,,Rs 10 lakh,0,80,High,train,hinglish-bulk_order-5,synthetic_template
LL01181,आम्हाला 8 बस साठी बस सीट हवे आहे. घाऊक दर काय असेल?,mr,bulk_order,बस सीट,8 बस,,,0,70,High,train,mr-bulk_order-0,synthetic_template
LL01732,"instagram followers 10k vadhva, swasta dar. dm kara",mr_roman,spam,,,,,0,0,Ignore,train,mr_roman-spam-2,synthetic_template
LL00756,"कृपया म्यूजिक सिस्टम का कोटेशन भेजें। बजट ₹40,000 है। जल्दी चाहिए।",hi,price_query,म्यूजिक सिस्टम,,,"₹40,000",1,60,Medium,train,hi-price_query-2,synthetic_template
LL00783,"मुझे बस सीट की कीमत जाननी है, बजट लगभग ₹30,000 है।",hi,price_query,बस सीट,,,"₹30,000",0,45,Medium,val,hi-price_query-4,synthetic_template
LL01019,घर बैठे रोज़ 2000 कमाएं। WhatsApp करें।,hi,spam,,,,,0,0,Ignore,train,hi-spam-3,synthetic_template
LL01360,अभिनंदन! तुम्ही फ्री iPhone जिंकला आहे. आत्ताच क्लेम करा,mr,spam,,,,,0,0,Ignore,test,mr-spam-1,synthetic_template
LL00044,"Hey, Do you install PVC flooring in Sangli? What's the cost?",en,price_query,PVC flooring,,Sangli,,0,40,Medium,train,en-price_query-4,synthetic_template
LL00957,पर्दे एक हफ्ते में ही बंद हो गया। मुझे रिफंड चाहिए। आज ही बात करनी है।,hi,complaint,पर्दे,,,,1,40,Medium,train,hi-complaint-3,synthetic_template
LL01727,abhinandan! tumhi free iPhone jinlka aahe. aatach claim kara call kara,mr_roman,spam,,,,,0,0,Ignore,val,mr_roman-spam-1,synthetic_template
LL00415,"hi mujhe pushback seats ki price janni hai, budget around 3 lakh",hinglish,price_query,pushback seats,,,3 lakh,0,45,Medium,val,hinglish-price_query-4,synthetic_template
LL01170,"हॅलो सर, म्युझिक सिस्टीम ची प्राईस लिस्ट पाठवा पुढच्या आठवड्यापर्यंत हवे.",mr,price_query,म्युझिक सिस्टीम,,,,1,50,Medium,train,mr-price_query-6,synthetic_template
LL01773,"namaskar, sarva sadyanvar ekavar ek free. aajach dukanat ya",mr_roman,spam,,,,,0,0,Ignore,train,mr_roman-spam-6,synthetic_template
LL01516,tumhi Bhopal madhe bus seats che kaam karta ka? dar sanga khup urgent aahe,mr_roman,price_query,bus seats,,Bhopal,,1,55,Medium,train,mr_roman-price_query-5,synthetic_template
LL00306,Earn 3000 per day working from home. WhatsApp us.,en,spam,,,,,0,0,Ignore,train,en-spam-4,synthetic_template
LL01663,"body paint che finiishing khup vait aahe, tatkal durust kara",mr_roman,complaint,body paint,,,,0,25,Low,test,mr_roman-complaint-2,synthetic_template
LL00607,Nanded me meri bus ki delivery 10 din late hui aur koi phone nahi utha raha thanks,hinglish,complaint,,,Nanded,,0,25,Low,train,hinglish-complaint-4,synthetic_template
LL01290,"मी बॉडी पेंट चे पैसे दिले, पण काम अजून अपूर्ण आहे. पुढच्या आठवड्यापर्यंत हवे.",mr,complaint,बॉडी पेंट,,,,1,40,Medium,test,mr-complaint-1,synthetic_template
LL01635,"hello sir, tumhi basvlele pushback seats kharab zale aahe. he barobar nahi",mr_roman,complaint,pushback seats,,,,0,25,Low,train,mr_roman-complaint-0,synthetic_template
LL01443,music system cha rate kay aahe?,mr_roman,price_query,music system,,,,0,35,Low,train,mr_roman-price_query-0,synthetic_template
LL00718,"hello sir free credit card offer, koi annual fee nahi. abhi apply karo",hinglish,spam,,,,,0,0,Ignore,test,hinglish-spam-9,synthetic_template
LL00790,"हेलो सर, क्या आप कोल्हापुर में स्लीपर बर्थ का काम करते हैं? रेट बताइए। जल्दी चाहिए। धन्यवाद।",hi,price_query,स्लीपर बर्थ,,कोल्हापुर,,1,55,Medium,train,hi-price_query-5,synthetic_template
LL00089,"Quote for 1 bus with exterior wrap, budget ₹2 lakh",en,price_query,exterior wrap,1 bus,,₹2 lakh,0,60,Medium,train,en-price_query-8,synthetic_template
LL00615,Indore me meri bus ki delivery 10 din late hui aur koi phone nahi utha raha,hinglish,complaint,,,Indore,,0,25,Low,train,hinglish-complaint-4,synthetic_template
LL01481,"dada, 3 bus sathi led lights chi kimmat sanga",mr_roman,price_query,led lights,3 bus,,,0,50,Medium,train,mr_roman-price_query-3,synthetic_template
LL00528,"hello sir 300 sets ke liye vinyl branding ka wholesale rate batao, total budgeet 8 lakh jaldi reply karo",hinglish,bulk_order,vinyl branding,300 sets,,8 lakh,1,95,High,train,hinglish-bulk_order-5,synthetic_template
LL01462,Jalgaon madhe padde basvayla kiti kharch yeil?,mr_roman,price_query,padde,,Jalgaon,,0,40,Medium,val,mr_roman-price_query-1,synthetic_template
LL01234,"हॅलो सर, सोलापूर मध्ये डिलिव्हरीसाठी 150 सेट मध्ये LED लाईट हवे, 3 आठवड्यात.",mr,bulk_order,LED लाईट,150 सेट,सोलापूर,,0,75,High,train,mr-bulk_order-4,synthetic_template
LL01064,"हेलो सर, अपने ट्रैवल बिज़नेस के लिए गारंटीड लीड्स पाएं। सीमित ऑफर, आज ही संपर्क करें।",hi,spam,,,,,0,0,Ignore,val,hi-spam-8,synthetic_template
LL00058,Price list for full body paint please Please reply asap. Please call me,en,price_query,full body paint,,,,1,50,Medium,train,en-price_query-5,synthetic_template
LL01024,घर बैठे रोज़ 10000 कमाएं। WhatsApp करें। धन्यवाद।,hi,spam,,,,,0,0,Ignore,train,hi-spam-3,synthetic_template
LL01319,स्लीपर बर्थ एका आठवड्यातच बंद पडले. मला रिफंड हवा आहे. लवकर हवे आहे.,mr,complaint,स्लीपर बर्थ,,,,1,40,Medium,train,mr-complaint-3,synthetic_template
LL00589,roof top ac ek hafte me hi band ho gaya. mujhe refund chahiye aaj hi baat karni hai dhanyavad,hinglish,complaint,roof top ac,,,,1,40,Medium,val,hinglish-complaint-3,synthetic_template
LL00770,"हेलो सर, 20 पीस के लिए फ्लोरिंग की कीमत बताइए।",hi,price_query,फ्लोरिंग,20 पीस,,,0,50,Medium,train,hi-price_query-3,synthetic_template
LL00434,bhai curtains ki price list bhejo,hinglish,price_query,curtains,,,,0,35,Low,train,hinglish-price_query-6,synthetic_template
LL01206,"300 सेट चा बल्क ऑर्डर द्यायचा आहे, स्लीपर बर्थ हवे. बजेट ₹8 लाख.",mr,bulk_order,स्लीपर बर्थ,300 सेट,,₹8 लाख,0,80,High,train,mr-bulk_order-2,synthetic_template
LL01000,बधाई हो! आपने फ्री iPhone जीता है। अभी क्लेम करें।,hi,spam,,,,,0,0,Ignore,train,hi-spam-1,synthetic_template
LL00151,"Need LED lights for 15 buses, total budget 25 lakh. Please call me. Required by next week.",en,bulk_order,LED lights,15 buses,,25 lakh,1,95,High,train,en-bulk_order-5,synthetic_template
LL01333,इंदूर मध्ये माझ्या बसची डिलिव्हरी 10 दिवस उशिरा झाली आणि कोणी फोन उचलत नाही.,mr,complaint,,,इंदूर,,0,25,Low,train,mr-complaint-4,synthetic_template
LL01470,please body paint che quotation pathva. budget 30 hajar aahe,mr_roman,price_query,body paint,,,30 hajar,0,45,Medium,train,mr_roman-price_query-2,synthetic_template
LL00507,"hamare paas 30 buses hai, sabme LED lights lagwana hai. please call karo",hinglish,bulk_order,LED lights,30 buses,,,0,70,High,val,hinglish-bulk_order-3,synthetic_template
LL00388,namaste pllease roof top AC ka quotation bhej do. budgte 2L hai,hinglish,price_query,roof top AC,,,2L,0,45,Medium,train,hinglish-price_query-2,synthetic_template
LL01123,1 बस साठी सीट कव्हर ची किंमत सांगा.,mr,price_query,सीट कव्हर,1 बस,,,0,50,Medium,val,mr-price_query-3,synthetic_template
LL01576,"hello sir, amchyakade 15 bus aahet, sarvamadhe sleeper berth basvaycha aahe. please call kara pudhchya athavdyaparyant have",mr_roman,bulk_order,sleeper berth,15 bus,,,1,85,High,train,mr_roman-bulk_order-3,synthetic_template
LL01746,gharbsalya roj 2000 kamva. WhatssApp kara,mr_roman,spam,,,,,0,0,Ignore,train,mr_roman-spam-3,synthetic_template
LL01668,"dada, led lights ek athavdyatach band padle. mala refund have",mr_roman,complaint,led lights,,,,0,25,Low,train,mr_roman-complaint-3,synthetic_template
LL01741,gharbasalya roj 3000 kamva. WhatsApp kara,mr_roman,spam,,,,,0,0,Ignore,train,mr_roman-spam-3,synthetic_template
LL00172,"Hello sir, We are a school in Belgaum. Need bus AC for 20 buses. What is the best price",en,bulk_order,bus AC,20 buses,Belgaum,,0,75,High,val,en-bulk_order-7,synthetic_template
LL01208,"100 सेट चा बल्क ऑर्डर द्यायचा आहे, स्लीपर बर्थ हवे. बजेट 8 लाख. पुढच्या आठवड्यापर्यंत हवे. कृपया कॉल करा.",mr,bulk_order,स्लीपर बर्थ,100 सेट,,8 लाख,1,95,High,train,mr-bulk_order-2,synthetic_template
LL00744,पनवेल में बस रैप लगवाने का खर्च कितना आएगा? धन्यवाद।,hi,price_query,बस रैप,,पनवेल,,0,40,Medium,train,hi-price_query-1,synthetic_template
LL01764,google var pahiya panachi guarantee asleli seo seva mila,mr_roman,spam,,,,,0,0,Ignore,test,mr_roman-spam-5,synthetic_template
LL00711,"apne travel business ke liye guaranteed leads pao. limited offer, aaj hi contact karo thanks",hinglish,spam,,,,,0,0,Ignore,train,hinglish-spam-8,synthetic_template
LL01405,सर्व साड्यांवर एकावर एक फ्री. आजच दुकानात या.,mr,spam,,,,,0,0,Ignore,train,mr-spam-6,synthetic_template
LL00118,Looking to refurbish 200 sets with PVC flooring. Budget Rs 25 lakh. When can you start? Required by next week. Thank you,en,bulk_order,PVC flooring,200 sets,,Rs 25 lakh,1,95,High,train,en-bulk_order-2,synthetic_template
LL00142,"good morning, our fleet of 8 buses needs pvc flooring. can we schedule a visit to satara",en,bulk_order,pvc flooring,8 buses,satara,,0,75,High,train,en-bulk_order-4,synthetic_template
LL01437,"हॅलो सर, फ्री क्रेडिट कार्ड ऑफर, वार्षिक शुल्क नाही. आत्ताच अर्ज करा.",mr,spam,,,,,0,0,Ignore,train,mr-spam-9,synthetic_template
LL01564,"bulk order dyaycha aahe 200 seats cha, sleeper berth have. budget Rs 5 lakh khup urgent aahe",mr_roman,bulk_order,sleeper berth,200 seats,,Rs 5 lakh,1,95,High,val,mr_roman-bulk_order-2,synthetic_template
LL00063,"rate for luggage racks, my buudget is ₹75,000",en,price_query,luggage racks,,,"₹75,000",0,45,Medium,val,en-price_query-6,synthetic_template
LL00490,"bulk order dena hai 200 seats ka, sleeper berth chahiye. budget 8L",hinglish,bulk_order,sleeper berth,200 seats,,8L,0,80,High,train,hinglish-bulk_order-2,synthetic_template
LL01153,तुम्ही वसई मध्ये स्लीपर बर्थ चे काम करता का? दर सांगा. कृपया कॉल करा.,mr,price_query,स्लीपर बर्थ,,वसई,,0,40,Medium,train,mr-price_query-5,synthetic_template
LL01586,"amchyakade 20 bus aahet, sarvamadhe CCTV camera basvaycha aahe. please call kara",mr_roman,bulk_order,CCTV camera,20 bus,,,0,70,High,train,mr_roman-bulk_order-3,synthetic_template
LL01412,"नमस्कार, सर्व साड्यांवर एकावर एक फ्री. आजच दुकानात या",mr,spam,,,,,0,0,Ignore,train,mr-spam-6,synthetic_template
LL00485,"hi bulk order dena hai 50 pieces ka, luggage rack chahiye. budget Rs 8 lakh",hinglish,bulk_order,luggage rack,50 pieces,,Rs 8 lakh,0,80,High,train,hinglish-bulk_order-2,synthetic_template
LL01515,tumi Surat made music system che kaam krata ka? dar sanga,mr_roman,price_query,music system,,Surat,,0,40,Medium,train,mr_roman-price_query-5,synthetic_template
LL01011,"नमस्ते, इंस्टाग्राम फॉलोअर्स 10k बढ़ाएं, सस्ते रेट। अभी DM करें।",hi,spam,,,,,0,0,Ignore,train,hi-spam-2,synthetic_template
LL00194,I paid for vinyl branding but the work is still incomplete after 2 weeks.,en,complaint,vinyl branding,,,,0,25,Low,train,en-complaint-1,synthetic_template
LL01238,"हॅलो सर, ठाणे मध्ये डिलिव्हरीसाठी 20 बस मध्ये म्युझिक सिस्टीम हवे, 3 आठवड्यात",mr,bulk_order,म्युझिक सिस्टीम,20 बस,ठाणे,,0,75,High,train,mr-bulk_order-4,synthetic_template
LL00727,सीट कवर का रेट क्या है? अगले हफ्ते तक चाहिए।,hi,price_query,सीट कवर,,,,1,50,Medium,train,hi-price_query-0,synthetic_template
LL00076,"hi, what would it cost to get anti-skid flooring done on my bus? i'm in solapur",en,price_query,anti-skid flooring,,solapur,,0,40,Medium,train,en-price_query-7,synthetic_template
LL00768,45 सेट के लिए LED लाइट की कीमत बताइए।,hi,price_query,LED लाइट,45 सेट,,,0,50,Medium,train,hi-price_query-3,synthetic_template
LL00911,आपने जो स्लीपर बर्थ लगाया था वो खराब हो गया है। यह ठीक नहीं है।,hi,complaint,स्लीपर बर्थ,,,,0,25,Low,train,hi-complaint-0,synthetic_template
LL01240,"पुणे मध्ये डिलिव्हरीसाठी 30 बसेस मध्ये LED लाईट हवे, 3 आठवड्यात.",mr,bulk_order,LED लाईट,30 बसेस,पुणे,,0,75,High,train,mr-bulk_order-4,synthetic_template
LL00776,"मुझे बस सीट की कीमत जाननी है, बजट लगभग 40 हज़ार है।",hi,price_query,बस सीट,,,40 हज़ार,0,45,Medium,val,hi-price_query-4,synthetic_template
LL00930,"मैंने LED लाइट के पैसे दे दिए, लेकिन काम अभी तक अधूरा है। जल्दी चाहिए। कृपया कॉल करें।",hi,complaint,LED लाइट,,,,1,40,Medium,val,hi-complaint-1,synthetic_template
LL00223,interior LED lighting stopped working within a week. I want a refund.,en,complaint,interior LED lighting,,,,0,25,Low,train,en-complaint-3,synthetic_template
LL01084,LED लाईट चा रेट काय आहे? आजच बोलायचे आहे.,mr,price_query,LED लाईट,,,,1,50,Medium,train,mr-price_query-0,synthetic_template
LL00780,"मुझे बस सीट की कीमत जाननी है, बजट लगभग ₹20,000 है। जल्दी चाहिए।",hi,price_query,बस सीट,,,"₹20,000",1,60,Medium,val,hi-price_query-4,synthetic_template
LL00767,3 बस के लिए सीट कवर की कीमत बताइए। कृपया कॉल करें।,hi,price_query,सीट कवर,3 बस,,,0,50,Medium,train,hi-price_query-3,synthetic_template
LL01105,ठाणे मध्ये पडदे बसवायला किती खर्च येईल? धन्यवाद.,mr,price_query,पडदे,,ठाणे,,0,40,Medium,train,mr-price_query-1,synthetic_template
LL01315,म्युझिक सिस्टीम एका आठवड्यातच बंद पडले. मला रिफंड हवा आहे.,mr,complaint,म्युझिक सिस्टीम,,,,0,25,Low,train,mr-complaint-3,synthetic_template
LL01709,"warranty mdhe seat cover badllun hava aahe, ek mahinyat tutle call kara",mr_roman,complaint,seat cover,,,,0,25,Low,val,mr_roman-complaint-5,synthetic_template
LL00190,the seat covers you installed is already damaged. this is unacceptable. required by next week,en,complaint,seat covers,,,,1,40,Medium,train,en-complaint-0,synthetic_template
LL00964,नवी मुंबई में मेरी बस की डिलीवरी 10 दिन लेट हुई और कोई फोन नहीं उठा रहा। कृपया कॉल करें।,hi,complaint,,,नवी मुंबई,,0,25,Low,train,hi-complaint-4,synthetic_template
LL01526,body paint chi price list pathva,mr_roman,price_query,body paint,,,,0,35,Low,test,mr_roman-price_query-6,synthetic_template
LL01158,तुम्ही इंदूर मध्ये सीलिंग पॅनल चे काम करता का? दर सांगा.,mr,price_query,सीलिंग पॅनल,,इंदूर,,0,40,Medium,train,mr-price_query-5,synthetic_template
LL01718,5 lakh paryant personal loan 30 minitat mila. aatach click kara,mr_roman,spam,,,,,0,0,Ignore,train,mr_roman-spam-0,synthetic_template
LL01286,"मी रूफ टॉप AC चे पैसे दिले, पण काम अजून अपूर्ण आहे.",mr,complaint,रूफ टॉप AC,,,,0,25,Low,test,mr-complaint-1,synthetic_template
LL00435,sir vinyl branding ki price list bhejo,hinglish,price_query,vinyl branding,,,,0,35,Low,train,hinglish-price_query-6,synthetic_template
LL00459,hume 20 bus ke liye body paint chahiye. bulk me kya rate milega? agle hafte tak chahiye,hinglish,bulk_order,body paint,20 bus,,,1,85,High,train,hinglish-bulk_order-0,synthetic_template
LL01649,"hello sir, mi luggage rack che paise dile pan kaam ajun apurna aahe",mr_roman,complaint,luggage rack,,,,0,25,Low,train,mr_roman-complaint-1,synthetic_template
LL01393,क्रिप्टोमध्ये गुंतवणूक करा आणि 7 दिवसांत पैसे दुप्पट करा. कृपया कॉल करा.,mr,spam,,,,,0,0,Ignore,train,mr-spam-4,synthetic_template
LL01131,2 सीट साठी बॉडी पेंट ची किंमत सांगा.,mr,price_query,बॉडी पेंट,2 सीट,,,0,50,Medium,val,mr-price_query-3,synthetic_template
LL00348,get a loan for your bus business up to 2 lakh with zero documentation. click now! please call me,en,spam,,,,,0,0,Ignore,train,en-spam-9,synthetic_template
LL01275,तुम्ही बसवलेले बस सीट खराब झाले आहे. हे योग्य नाही. लवकर हवे आहे. धन्यवाद.,mr,complaint,बस सीट,,,,1,40,Medium,train,mr-complaint-0,synthetic_template
LL01726,abhinandan! tumhi free iphone jinkla aahe. aatach claim kara thanks,mr_roman,spam,,,,,0,0,Ignore,val,mr_roman-spam-1,synthetic_template
LL01442,roof top AC cha rate kay aahe? pudhchya athavdyaparyant have dhanyavad,mr_roman,price_query,roof top AC,,,,1,50,Medium,train,mr_roman-price_query-0,synthetic_template
LL00699,"bus business ke liye 5 lakh tak loan pao, koi documents nahi. abhi click karo",hinglish,spam,,,,,0,0,Ignore,train,hinglish-spam-7,synthetic_template
LL00377,Belgaum me vinyl branding lagwane ka kitna kharcha aayega? urgent chahiye,hinglish,price_query,vinyl branding,,Belgaum,,1,55,Medium,train,hinglish-price_query-1,synthetic_template
LL01678,"dada, padde ek athavdyatach band padle. mala refund have",mr_roman,complaint,padde,,,,0,25,Low,train,mr_roman-complaint-3,synthetic_template
LL00228,"hey, bus wrap stopped working within a week. i want a refund. thanks.",en,complaint,bus wrap,,,,0,25,Low,train,en-complaint-3,synthetic_template
LL00126,bulk order: 10 buses need luggage racks. delivery to bhopal in 3 weeks,en,bulk_order,luggage racks,10 buses,bhopal,,0,75,High,test,en-bulk_order-3,synthetic_template
LL00903,आपने जो LED लाइट लगाया था वो खराब हो गया है। यह ठीक नहीं है। अगले हफ्ते तक चाहिए। कृपया कॉल करें।,hi,complaint,LED लाइट,,,,1,40,Medium,train,hi-complaint-0,synthetic_template
LL00553,sir jo body paint aapne lagaya tha wo kharab ho gaya. ye theek nahi hai aaj hi baat karni hai,hinglish,complaint,body paint,,,,1,40,Medium,train,hinglish-complaint-0,synthetic_template
LL01530,flooring chi price list pathva call kara,mr_roman,price_query,flooring,,,,0,35,Low,test,mr_roman-price_query-6,synthetic_template
LL01697,"warranty madhe sleeper berth badlun hava aahe, ek mahinyat tutle khup urgent aahe",mr_roman,complaint,sleeper berth,,,,1,40,Medium,val,mr_roman-complaint-5,synthetic_template
LL00022,How much would PVC flooring cost for 3 buses in Nagpur? Need this done this month.,en,price_query,PVC flooring,3 buses,Nagpur,,1,70,High,train,en-price_query-2,synthetic_template
LL00948,लगेज रैक एक हफ्ते में ही बंद हो गया। मुझे रिफंड चाहिए। जल्दी चाहिए।,hi,complaint,लगेज रैक,,,,1,40,Medium,train,hi-complaint-3,synthetic_template
LL01611,"namaskar, 20 bus sathi music system cha ghau dar sanga, ekun budget 8 lakh rupaye aahe",mr_roman,bulk_order,music system,20 bus,,8 lakh rupaye,0,80,High,train,mr_roman-bulk_order-5,synthetic_template
LL00197,i paid for bus wrap but the work is still incomplete after 2 weeks.,en,complaint,bus wrap,,,,0,25,Low,train,en-complaint-1,synthetic_template
LL00301,"Hello sir, We offer SEO and website ranking services. Guaranteed first page on Google.",en,spam,,,,,0,0,Ignore,train,en-spam-3,synthetic_template
LL01325,"नमस्कार, लातूर मध्ये माझ्या बसची डिलिव्हरी 10 दिवस उशिरा झाली आणि कोणी फोन उचलत नाही. कृपया कॉल करा.",mr,complaint,,,लातूर,,0,25,Low,train,mr-complaint-4,synthetic_template
LL01311,"हॅलो सर, पुशबॅक सीट एका आठवड्यातच बंद पडले. मला रिफंड हवा आहे",mr,complaint,पुशबॅक सीट,,,,0,25,Low,train,mr-complaint-3,synthetic_template
LL01751,crypto mahde invest kara ani 7 disat paise dupple kara,mr_roman,spam,,,,,0,0,Ignore,train,mr_roman-spam-4,synthetic_template
LL00920,"मैंने फ्लोरिंग के पैसे दे दिए, लेकिन काम अभी तक अधूरा है।",hi,complaint,फ्लोरिंग,,,,0,25,Low,val,hi-complaint-1,synthetic_template
LL00924,"मैंने CCTV कैमरा के पैसे दे दिए, लेकिन काम अभी तक अधूरा है। धन्यवाद।",hi,complaint,CCTV कैमरा,,,,0,25,Low,val,hi-complaint-1,synthetic_template
LL00478,"meri travels company ahmedabad me hai, 30 buses me music system lagwana hai. kitna discount milega? jaldi reply karo",hinglish,bulk_order,music system,30 buses,ahmedabad,,1,90,High,test,hinglish-bulk_order-1,synthetic_template
LL00540,"80 pieces ke liye pushback seats ka wholesale rate batao, total budget rs 50 lakh",hinglish,bulk_order,pushback seats,80 pieces,,rs 50 lakh,0,80,High,train,hinglish-bulk_order-5,synthetic_template
LL01580,"ammchyakade 12 buses aahet, srvamadhe roof top ac basvaycha aahe. plese call kara",mr_roman,bulk_order,roof top ac,12 buses,,,0,70,High,train,mr_roman-bulk_order-3,synthetic_template
LL00831,"हेलो सर, मेरी ट्रैवल कंपनी नांदेड़ में है, 10 बस में सीट कवर लगवाना है। कितना डिस्काउंट मिलेगा?",hi,bulk_order,सीट कवर,10 बस,नांदेड़,,0,75,High,train,hi-bulk_order-1,synthetic_template
LL00245,"hi, your team delayed my bus delivery in surat by 10 days and nobody is answering my calls. need it urgently.",en,complaint,,,surat,,1,40,Medium,test,en-complaint-4,synthetic_template
LL00578,"hello sir music system ki finishing bahut kharab hai, turant theek karo urgent chahiye",hinglish,complaint,music system,,,,1,40,Medium,train,hinglish-complaint-2,synthetic_template
LL01107,कृपया म्युझिक सिस्टीम चे कोटेशन पाठवा. बजेट 40000 रुपये आहे.,mr,price_query,म्युझिक सिस्टीम,,,40000 रुपये,0,45,Medium,test,mr-price_query-2,synthetic_template
LL01679,ceiling panel ek athavdyatach band padle. mala refund have,mr_roman,complaint,ceiling panel,,,,0,25,Low,train,mr_roman-complaint-3,synthetic_template
LL01184,आम्हाला 8 बस साठी पडदे हवे आहे. घाऊक दर काय असेल?,mr,bulk_order,पडदे,8 बस,,,0,70,High,train,mr-bulk_order-0,synthetic_template
LL00006,"good morning, what is the price of vinyl branding for a bus",en,price_query,vinyl branding,,,,0,35,Low,train,en-price_query-0,synthetic_template
LL00109,"good morning, i run a tavel company in jalgaon and need ceiling panels for 50 buses. what discounnt can you offer",en,bulk_order,ceiling panels,50 buses,jalgaon,,0,75,High,train,en-bulk_order-1,synthetic_template
LL01435,"फ्री क्रेडिट कार्ड ऑफर, वार्षिक शुल्क नाही. आत्ताच अर्ज करा. धन्यवाद.",mr,spam,,,,,0,0,Ignore,train,mr-spam-9,synthetic_template
LL00954,फ्लोरिंग एक हफ्ते में ही बंद हो गया। मुझे रिफंड चाहिए।,hi,complaint,फ्लोरिंग,,,,0,25,Low,train,hi-complaint-3,synthetic_template
LL00397,1 bus ke liye seat cover ki price batao call karna,hinglish,price_query,seat cover,1 bus,,,0,50,Medium,train,hinglish-price_query-3,synthetic_template
LL00620,"warranty me ceiling panel change karwana hai, ek mahine me toot gaya dhanyavad",hinglish,complaint,ceiling panel,,,,0,25,Low,test,hinglish-complaint-5,synthetic_template
LL01434,"फ्री क्रेडिट कार्ड ऑफर, वार्षिक शुल्क नाही. आत्ताच अर्ज करा",mr,spam,,,,,0,0,Ignore,train,mr-spam-9,synthetic_template
LL00755,कृपया पुशबैक सीट का कोटेशन भेजें। बजट ₹3 लाख है।,hi,price_query,पुशबैक सीट,,,₹3 लाख,0,45,Medium,train,hi-price_query-2,synthetic_template
LL01582,"amchyaakade 150 nag aahet, sarvaadhe ceiling panel basvayccha aahe. please call kara",mr_roman,bulk_order,ceiling panel,150 nag,,,0,70,High,train,mr_roman-bulk_order-3,synthetic_template
LL01452,flooring cha rate kay aahe,mr_roman,price_query,flooring,,,,0,35,Low,train,mr_roman-price_query-0,synthetic_template
LL00988,"नमस्ते, वारंटी में फ्लोरिंग बदलवाना है, एक महीने में टूट गया।",hi,complaint,फ्लोरिंग,,,,0,25,Low,train,hi-complaint-5,synthetic_template
LL00647,sir congratulations! aapne free iphone jeeta hai. abhi claim karo,hinglish,spam,,,,,0,0,Ignore,train,hinglish-spam-1,synthetic_template
LL00014,Can you share the rate for CCTV cameras? Need it for 2 buses,en,price_query,CCTV cameras,2 buses,,,0,50,Medium,train,en-price_query-1,synthetic_template
LL00488,"bulk ordre dena hai 5 buses ka, ceiling panel chahiye. bduget 5L",hinglish,bulk_order,ceiling panel,5 buses,,5L,0,80,High,train,hinglish-bulk_order-2,synthetic_template
LL01565,"bulk ordder dyaycha aahe 40 seats cha, CCTV camera have. buget Rs 15 lakh",mr_roman,bulk_order,CCTV camera,40 seats,,Rs 15 lakh,0,80,High,val,mr_roman-bulk_order-2,synthetic_template
LL00416,"namaste mujhe roof top ac ki price janni hai, budget around 2l thanks",hinglish,price_query,roof top ac,,,2l,0,45,Medium,val,hinglish-price_query-4,synthetic_template
LL00854,"40 बसों का बल्क ऑर्डर देना है, रूफ टॉप AC चाहिए। बजट 50 लाख। अगले हफ्ते तक चाहिए।",hi,bulk_order,रूफ टॉप AC,40 बसों,,50 लाख,1,95,High,train,hi-bulk_order-2,synthetic_template
LL00460,hume 100 seats ke liye music system chahiye. bulk me kya rate milega? jaldi reply karo call karna,hinglish,bulk_order,music system,100 seats,,,1,85,High,train,hinglish-bulk_order-0,synthetic_template
LL00508,"hamare paas 15 bus hai, sabme flooring lagwana hai. please call karo dhanyavad",hinglish,bulk_order,flooring,15 bus,,,0,70,High,val,hinglish-bulk_order-3,synthetic_template
LL01482,1 bus sathi sleeper berth chi kimmat sanga call kara,mr_roman,price_query,sleeper berth,1 bus,,,0,50,Medium,train,mr_roman-price_query-3,synthetic_template
LL00748,"हेलो सर, कृपया पुशबैक सीट का कोटेशन भेजें। बजट ₹40,000 है। जल्दी चाहिए।",hi,price_query,पुशबैक सीट,,,"₹40,000",1,60,Medium,train,hi-price_query-2,synthetic_template
LL01759,google var pahilya panachi guarantee asleli SEO seva mila thanks,mr_roman,spam,,,,,0,0,Ignore,test,mr_roman-spam-5,synthetic_template
LL00802,"हेलो सर, सीट कवर का प्राइस लिस्ट भेज दीजिए",hi,price_query,सीट कवर,,,,0,35,Low,test,hi-price_query-6,synthetic_template
LL00583,"roof top AC ki finishing bahut kharab hai, turant theek karo",hinglish,complaint,roof top AC,,,,0,25,Low,train,hinglish-complaint-2,synthetic_template
LL00390,please led lights ka quotation bhej do. budget 1 lakh hai,hinglish,price_query,led lights,,,1 lakh,0,45,Medium,train,hinglish-price_query-2,synthetic_template
LL00454,hume 25 bus ke liye bus seats chahiye. bulk me kya rate milega?,hinglish,bulk_order,bus seats,25 bus,,,0,70,High,train,hinglish-bulk_order-0,synthetic_template
LL01243,"हैदराबाद मध्ये डिलिव्हरीसाठी 40 सेट मध्ये रूफ टॉप AC हवे, 3 आठवड्यात.",mr,bulk_order,रूफ टॉप AC,40 सेट,हैदराबाद,,0,75,High,train,mr-bulk_order-4,synthetic_template
LL00103,"hi, i run a traavel company in mumbai and need pushback seats for 15 buses. what discoutn can you offer",en,bulk_order,pushback seats,15 buses,mumbai,,0,75,High,train,en-bulk_order-1,synthetic_template
LL00202,I paid for music system but the work is still incomplete after 2 weeks.,en,complaint,music system,,,,0,25,Low,train,en-complaint-1,synthetic_template
LL00648,congratulations! aapen free iPhone jeeta hai. abhi claim karo,hinglish,spam,,,,,0,0,Ignore,train,hinglish-spam-1,synthetic_template
LL01596,"Nanded madhe delivery sathi 8 bus madhe ceiling panel have, 3 athavdyat aajach bolaycha aahe thanks",mr_roman,bulk_order,ceiling panel,8 bus,Nanded,,1,90,High,test,mr_roman-bulk_order-4,synthetic_template
LL00068,"Rate for exterior wrap, my budget is 1.5 lakh",en,price_query,exterior wrap,,,1.5 lakh,0,45,Medium,val,en-price_query-6,synthetic_template
LL01034,"नमस्ते, क्रिप्टो में निवेश करें और 5 दिन में पैसा डबल करें।",hi,spam,,,,,0,0,Ignore,val,hi-spam-4,synthetic_template
LL01115,"हॅलो सर, कृपया रूफ टॉप AC चे कोटेशन पाठवा. बजेट ₹3 लाख आहे. आजच बोलायचे आहे.",mr,price_query,रूफ टॉप AC,,,₹3 लाख,1,60,Medium,test,mr-price_query-2,synthetic_template
LL00625,"warraanty me vinyl branding change karwna hai, ek mahine me toot gaya",hinglish,complaint,vinyl branding,,,,0,25,Low,test,hinglish-complaint-5,synthetic_template
LL01455,goa madhe luggage rack basvayla kiti kharch yeil?,mr_roman,price_query,luggage rack,,goa,,0,40,Medium,val,mr_roman-price_query-1,synthetic_template
LL00662,ghar baithe roz 5000 kamao. whatsapp karo,hinglish,spam,,,,,0,0,Ignore,train,hinglish-spam-3,synthetic_template
LL00133,"Good morning, Bulk order: 60 sets need exterior paint. Dlivery to Ratnagiri in 3 weeks. Thank you.",en,bulk_order,exterior paint,60 sets,Ratnagiri,,0,75,High,test,en-bulk_order-3,synthetic_template
LL01337,"वॉरंटीमध्ये फ्लोअरिंग बदलून हवे आहे, एका महिन्यात तुटले.",mr,complaint,फ्लोअरिंग,,,,0,25,Low,val,mr-complaint-5,synthetic_template
LL01587,"amchyakade 30 buses aahet, sarvamadhe ceiling panel basvaycha aahe. please call kara",mr_roman,bulk_order,ceiling panel,30 buses,,,0,70,High,train,mr_roman-bulk_order-3,synthetic_template
LL01754,crytpo madhe invest kara ani 15 divsat paies dupple kara,mr_roman,spam,,,,,0,0,Ignore,train,mr_roman-spam-4,synthetic_template
LL00141,"Hello sir, Our fleet of 10 buses needs LED lights. Can we schedule a visit to Jalgaon?",en,bulk_order,LED lights,10 buses,Jalgaon,,0,75,High,train,en-bulk_order-4,synthetic_template
LL00624,"warranty me ceiling panel change karwana hai, ek mahine me toot gaya",hinglish,complaint,ceiling panel,,,,0,25,Low,test,hinglish-complaint-5,synthetic_template
LL00071,what wuold it cost to get exterior paint done on my bus? i'm in solapur. please call me.,en,price_query,exterior paint,,solapur,,0,40,Medium,train,en-price_query-7,synthetic_template
LL01477,pelase LED lights che quotation pathva. budegt Rs 3 lakh aahe,mr_roman,price_query,LED lights,,,Rs 3 lakh,0,45,Medium,train,mr_roman-price_query-2,synthetic_template
LL00293,"Boost your Instagram followers by 5k. Cheap rates, DM now",en,spam,,,,,0,0,Ignore,train,en-spam-2,synthetic_template
LL00051,Price list for roof-top AC please Thanks.,en,price_query,roof-top AC,,,,0,35,Low,train,en-price_query-5,synthetic_template
LL01175,"हॅलो सर, आम्हाला 300 सीट साठी बॉडी पेंट हवे आहे. घाऊक दर काय असेल?",mr,bulk_order,बॉडी पेंट,300 सीट,,,0,70,High,train,mr-bulk_order-0,synthetic_template
LL00227,reclining seats stopped working within a week. I want a refund,en,complaint,reclining seats,,,,0,25,Low,train,en-complaint-3,synthetic_template
LL01514,tumhi Solapur madhe seat cover che kaam karta ka? dar sanga,mr_roman,price_query,seat cover,,Solapur,,0,40,Medium,train,mr_roman-price_query-5,synthetic_template
LL01798,"hello sir, free credit card offer, annual fee nahi. aatach appyl kara thanks",mr_roman,spam,,,,,0,0,Ignore,train,mr_roman-spam-9,synthetic_template
LL01402,गुगलवर पहिल्या पानाची हमी असलेली SEO सेवा मिळवा. धन्यवाद,mr,spam,,,,,0,0,Ignore,test,mr-spam-5,synthetic_template
LL01287,"मी पडदे चे पैसे दिले, पण काम अजून अपूर्ण आहे. आजच बोलायचे आहे",mr,complaint,पडदे,,,,1,40,Medium,test,mr-complaint-1,synthetic_template
LL00685,sabhi sarees pe 1 ke saath 1 free. aaj hi dukaan aao,hinglish,spam,,,,,0,0,Ignore,train,hinglish-spam-6,synthetic_template
LL01606,"dada, 25 bus sathi sleeper berth cha ghau dar sanga, ekun budget rs 8 lakh aahe pudhchya athavdyaparyant have",mr_roman,bulk_order,sleeper berth,25 bus,,rs 8 lakh,1,95,High,train,mr_roman-bulk_order-5,synthetic_template
LL01083,लगेज रॅक चा रेट काय आहे? कृपया कॉल करा.,mr,price_query,लगेज रॅक,,,,0,35,Low,train,mr-price_query-0,synthetic_template
LL01536,amhala 80 seats sathi bus seats have aahe. ghau dar kay asel,mr_roman,bulk_order,bus seats,80 seats,,,0,70,High,train,mr_roman-bulk_order-0,synthetic_template
LL00845,"60 पीस का बल्क ऑर्डर देना है, स्लीपर बर्थ चाहिए। बजट 15 लाख।",hi,bulk_order,स्लीपर बर्थ,60 पीस,,15 लाख,0,80,High,train,hi-bulk_order-2,synthetic_template
LL00543,jo pushback seats aapne lagaya tha wo kharab ho gaya. ye theek nahi hai jaldi reply karo,hinglish,complaint,pushback seats,,,,1,40,Medium,train,hinglish-complaint-0,synthetic_template
LL01400,"हॅलो सर, गुगलवर पहिल्या पानाची हमी असलेली SEO सेवा मिळवा.",mr,spam,,,,,0,0,Ignore,test,mr-spam-5,synthetic_template
LL00811,हमें 20 बस के लिए बॉडी पेंट चाहिए। थोक में क्या रेट मिलेगा?,hi,bulk_order,बॉडी पेंट,20 बस,,,0,70,High,val,hi-bulk_order-0,synthetic_template
LL00362,sir bhai luggage rack ka rate kya hai?,hinglish,price_query,luggage rack,,,,0,35,Low,train,hinglish-price_query-0,synthetic_template
LL00556,bhai maine bus wrap ke paise de diye lekin kaam abhi tak adhura hai,hinglish,complaint,bus wrap,,,,0,25,Low,train,hinglish-complaint-1,synthetic_template
LL00303,we offer seo and website ranking services. guaratneed first page on google. thanks.,en,spam,,,,,0,0,Ignore,train,en-spam-3,synthetic_template
LL00066,"Rate for exterior wrap, my budget is 20k Please reply asap.",en,price_query,exterior wrap,,,20k,1,60,Medium,val,en-price_query-6,synthetic_template
LL00466,"meri travels company belgaum me hai, 5 bus me roof top ac lagwana hai. kitna discount milega",hinglish,bulk_order,roof top ac,5 bus,belgaum,,0,75,High,test,hinglish-bulk_order-1,synthetic_template
LL01082,"नमस्कार, स्लीपर बर्थ चा रेट काय आहे?",mr,price_query,स्लीपर बर्थ,,,,0,35,Low,train,mr-price_query-0,synthetic_template
LL01447,LED lights cha rate kay aahe,mr_roman,price_query,LED lights,,,,0,35,Low,train,mr_roman-price_query-0,synthetic_template
LL00222,ceiling panels stopped working within a week. I want a refund,en,complaint,ceiling panels,,,,0,25,Low,train,en-complaint-3,synthetic_template
LL01763,google var pahilya panachi guarantee asleli SEO seva mila dhanyavad,mr_roman,spam,,,,,0,0,Ignore,test,mr_roman-spam-5,synthetic_template
LL00298,we offer seo and weebsite ranking services. guaranteed first page on google,en,spam,,,,,0,0,Ignore,train,en-spam-3,synthetic_template
LL00386,please bus wrap ka quotation bhej do. budget Rs 1.5 lakh hai,hinglish,price_query,bus wrap,,,Rs 1.5 lakh,0,45,Medium,train,hinglish-price_query-2,synthetic_template
LL00608,Ahmedabad me meri bus ki deliverry 10 din late hui aur koi phone nahi utha raha,hinglish,complaint,,,Ahmedabad,,0,25,Low,train,hinglish-complaint-4,synthetic_template
LL01192,"माझी ट्रॅव्हल कंपनी नागपूर मध्ये आहे, 150 सीट मध्ये पुशबॅक सीट बसवायचे आहे. किती सूट मिळेल",mr,bulk_order,पुशबॅक सीट,150 सीट,नागपूर,,0,75,High,train,mr-bulk_order-1,synthetic_template
LL00906,आपने जो CCTV कैमरा लगाया था वो खराब हो गया है। यह ठीक नहीं है।,hi,complaint,CCTV कैमरा,,,,0,25,Low,train,hi-complaint-0,synthetic_template
LL00115,looking to refurbsih 250 seats with ceiling panels. budet 10 lakh. when can you start? please reply asap. thank you.,en,bulk_order,ceiling panels,250 seats,,10 lakh,1,95,High,train,en-bulk_order-2,synthetic_template
LL01675,bus seats ek athavdyatach band padle. mala refund have,mr_roman,complaint,bus seats,,,,0,25,Low,train,mr_roman-complaint-3,synthetic_template
LL00969,"नमस्ते, मुंबई में मेरी बस की डिलीवरी 10 दिन लेट हुई और कोई फोन नहीं उठा रहा।",hi,complaint,,,मुंबई,,0,25,Low,train,hi-complaint-4,synthetic_template
LL00678,google pe first page guarantee wali SEO service lo call karna,hinglish,spam,,,,,0,0,Ignore,test,hinglish-spam-5,synthetic_template
LL00858,"हेलो सर, हमारे पास 15 बस हैं, सभी में सीट कवर लगवाना है। कृपया कॉल करें। बहुत ज़रूरी है।",hi,bulk_order,सीट कवर,15 बस,,,1,85,High,test,hi-bulk_order-3,synthetic_template
LL01784,"tumchya travel vyavsayasathi guaranted leads mila. limited offer, aajach contact kara",mr_roman,spam,,,,,0,0,Ignore,val,mr_roman-spam-8,synthetic_template
